Area,BHK,Bathroom,Parking,Price,Furnishing_Semi-Furnished,Furnishing_Unfurnished,District_ East Delhi,District_ North West Delhi,District_ Shahdara,District_ South Delhi,District_ South East Delhi,District_ West Delhi,District_South West Delhi ,Status_Ready_to_move,Transaction_Resale,Type_Builder_Floor
345.0,1.0,1.0,1.0,5500000.0,1,0,0,0,0,0,0,0,0,1,1,1
468.0,2.0,2.0,1.0,4100000.0,0,1,0,0,0,0,0,0,0,1,1,1
530.0,4.0,1.0,1.0,6800000.0,1,0,0,0,0,0,0,0,0,1,1,0
535.0,2.0,1.0,1.0,3900000.0,0,0,0,0,0,0,0,0,0,1,0,0
576.0,2.0,2.0,1.0,5000000.0,0,1,0,0,0,0,0,0,0,1,1,0
675.0,2.0,2.0,1.0,10000000.0,1,0,0,0,0,0,0,0,0,1,1,1
720.0,2.0,1.0,1.0,7000000.0,1,0,0,0,0,0,0,0,0,1,1,1
950.0,2.0,2.0,1.0,12500000.0,0,0,0,0,0,0,0,0,0,1,1,0
987.0,2.0,2.0,1.0,17000000.0,1,0,0,0,0,0,0,0,0,1,0,0
1017.0,3.0,3.0,1.0,22000000.0,1,0,0,0,0,0,0,0,0,1,0,0
1135.0,3.0,3.0,2.0,25000000.0,0,0,0,0,0,0,0,0,0,0,1,0
1135.0,3.0,3.0,2.0,25000000.0,0,0,0,0,0,0,0,0,0,0,1,0
1135.0,3.0,3.0,2.0,25000000.0,0,0,0,0,0,0,0,0,0,0,1,0
1135.0,3.0,3.0,2.0,24500000.0,0,0,0,0,0,0,0,0,0,0,1,0
1143.0,2.0,2.0,1.0,16000000.0,0,1,0,0,0,0,0,0,0,1,1,0
1200.0,3.0,2.0,1.0,20900000.0,1,0,0,0,0,0,0,0,0,0,1,0
1200.0,3.0,2.0,1.0,14500000.0,1,0,0,0,0,0,0,0,0,1,1,1
1206.0,3.0,3.0,1.0,20000000.0,1,0,0,0,0,0,0,0,0,1,1,1
1252.0,2.0,2.0,1.0,18500000.0,1,0,0,0,0,0,0,0,0,0,0,0
1280.0,3.0,3.0,2.0,15000000.0,0,0,0,0,0,0,0,0,0,1,1,1
1332.0,3.0,2.0,1.0,6540000.0,1,0,0,0,0,0,0,0,0,1,1,1
1500.0,3.0,3.0,2.0,16000000.0,0,1,0,0,0,0,0,0,0,1,1,0
1501.0,3.0,2.0,1.0,20000000.0,1,0,0,0,0,0,0,0,0,0,1,0
1600.0,3.0,3.0,1.0,24000000.0,1,0,0,0,0,0,0,0,0,1,0,1
1775.0,3.0,3.0,1.0,25500000.0,1,0,0,0,0,0,0,0,0,0,0,0
1775.0,3.0,3.0,1.0,25500000.0,1,0,0,0,0,0,0,0,0,0,0,0
1775.0,3.0,3.0,1.0,25500000.0,1,0,0,0,0,0,0,0,0,0,0,0
1912.0,3.0,3.0,1.0,27500000.0,1,0,0,0,0,0,0,0,0,0,0,0
2000.0,4.0,4.0,1.0,39700000.0,1,0,0,0,0,0,0,0,0,0,0,0
2200.0,3.0,3.0,1.0,43100000.0,1,0,0,0,0,0,0,0,0,1,0,0
2805.0,4.0,4.0,2.0,52300000.0,0,1,0,0,0,0,0,0,0,0,1,0
315.0,3.0,2.0,2.0,4950000.0,1,0,1,0,0,0,0,0,0,1,1,0
405.0,4.0,3.0,1.0,5500000.0,0,1,1,0,0,0,0,0,0,1,0,1
405.0,4.0,3.0,1.0,5500000.0,0,1,1,0,0,0,0,0,0,1,0,1
522.0,2.0,1.0,1.0,3800000.0,0,1,1,0,0,0,0,0,0,1,1,0
100.0,3.0,2.0,1.0,5500000.0,0,1,1,0,0,0,0,0,0,1,1,1
270.0,1.0,1.0,1.0,2300000.0,1,0,1,0,0,0,0,0,0,1,1,1
312.0,4.0,4.0,1.0,35000000.0,0,0,1,0,0,0,0,0,0,1,1,0
350.0,1.0,1.0,1.0,3000000.0,0,1,1,0,0,0,0,0,0,1,1,0
350.0,1.0,1.0,1.0,4200000.0,0,1,1,0,0,0,0,0,0,1,1,0
370.0,1.0,1.0,2.0,2400000.0,0,1,1,0,0,0,0,0,0,1,1,1
380.0,1.0,1.0,1.0,2200000.0,0,1,1,0,0,0,0,0,0,1,1,1
387.0,1.0,2.0,2.0,1700000.0,0,1,1,0,0,0,0,0,0,1,0,1
400.0,2.0,1.0,1.0,2500000.0,0,0,1,0,0,0,0,0,0,1,0,0
400.0,1.0,1.0,1.0,3500000.0,1,0,1,0,0,0,0,0,0,1,1,0
400.0,1.0,1.0,1.0,3600000.0,0,1,1,0,0,0,0,0,0,1,1,1
400.0,2.0,2.0,1.0,9000000.0,0,0,1,0,0,0,0,0,0,1,1,1
405.0,1.0,1.0,1.0,2500000.0,0,1,1,0,0,0,0,0,0,1,1,0
420.0,2.0,1.0,1.0,2600000.0,1,0,1,0,0,0,0,0,0,1,0,1
431.0,1.0,1.0,1.0,4300000.0,0,1,1,0,0,0,0,0,0,1,1,0
441.0,2.0,1.0,1.0,3500000.0,0,1,1,0,0,0,0,0,0,1,1,0
450.0,1.0,1.0,0.0,3300000.0,0,1,1,0,0,0,0,0,0,1,1,0
450.0,2.0,1.0,2.0,2500000.0,0,1,1,0,0,0,0,0,0,1,1,0
450.0,1.0,1.0,1.0,1700000.0,1,0,1,0,0,0,0,0,0,1,0,1
450.0,2.0,1.0,2.0,2700000.0,1,0,1,0,0,0,0,0,0,1,0,1
450.0,2.0,1.0,1.0,3500000.0,1,0,1,0,0,0,0,0,0,1,1,1
450.0,2.0,1.0,1.0,3500000.0,1,0,1,0,0,0,0,0,0,1,1,1
450.0,2.0,2.0,1.0,2550000.0,1,0,1,0,0,0,0,0,0,1,0,1
450.0,1.0,2.0,1.0,2700000.0,0,1,1,0,0,0,0,0,0,1,1,1
460.0,2.0,1.0,2.0,3300000.0,0,1,1,0,0,0,0,0,0,1,1,1
500.0,2.0,1.0,1.0,5800000.0,0,0,1,0,0,0,0,0,0,1,1,0
500.0,1.0,1.0,1.0,2600000.0,1,0,1,0,0,0,0,0,0,1,1,1
500.0,2.0,1.0,1.0,3700000.0,1,0,1,0,0,0,0,0,0,1,1,1
540.0,2.0,1.0,1.0,3600000.0,1,0,1,0,0,0,0,0,0,1,0,1
540.0,2.0,1.0,1.0,3500000.0,0,1,1,0,0,0,0,0,0,1,1,1
550.0,2.0,1.0,2.0,1600000.0,1,0,1,0,0,0,0,0,0,1,1,0
550.0,2.0,2.0,2.0,3600000.0,0,1,1,0,0,0,0,0,0,1,0,1
588.0,2.0,2.0,2.0,1800000.0,0,1,1,0,0,0,0,0,0,1,0,0
600.0,2.0,2.0,1.0,7000000.0,0,1,1,0,0,0,0,0,0,1,1,1
650.0,2.0,2.0,1.0,6500000.0,0,1,1,0,0,0,0,0,0,1,1,1
675.0,2.0,2.0,2.0,2400000.0,0,0,1,0,0,0,0,0,0,1,1,1
675.0,2.0,2.0,1.0,3100000.0,0,1,1,0,0,0,0,0,0,1,1,1
715.0,2.0,2.0,1.0,5600000.0,0,1,1,0,0,0,0,0,0,1,1,0
720.0,3.0,3.0,2.0,5500000.0,1,0,1,0,0,0,0,0,0,1,1,1
750.0,2.0,1.0,2.0,6500000.0,1,0,1,0,0,0,0,0,0,1,0,0
750.0,2.0,1.0,0.0,7350000.0,0,1,1,0,0,0,0,0,0,1,1,0
750.0,3.0,2.0,2.0,13500000.0,0,0,1,0,0,0,0,0,0,1,1,0
750.0,2.0,2.0,1.0,3800000.0,1,0,1,0,0,0,0,0,0,1,1,1
750.0,3.0,2.0,1.0,2400000.0,1,0,1,0,0,0,0,0,0,1,1,1
760.0,3.0,2.0,1.0,6000000.0,0,0,1,0,0,0,0,0,0,1,1,1
780.0,2.0,2.0,1.0,7500000.0,1,0,1,0,0,0,0,0,0,1,1,0
800.0,2.0,2.0,1.0,7500000.0,1,0,1,0,0,0,0,0,0,1,1,0
800.0,3.0,2.0,1.0,9030000.0,1,0,1,0,0,0,0,0,0,1,1,0
800.0,3.0,2.0,1.0,4500000.0,1,0,1,0,0,0,0,0,0,1,0,1
800.0,3.0,2.0,1.0,5400000.0,1,0,1,0,0,0,0,0,0,1,1,1
800.0,2.0,2.0,1.0,6000000.0,0,1,1,0,0,0,0,0,0,1,1,1
801.0,3.0,2.0,1.0,6000000.0,1,0,1,0,0,0,0,0,0,1,0,1
810.0,2.0,2.0,1.0,14500000.0,1,0,1,0,0,0,0,0,0,1,1,0
810.0,3.0,2.0,1.0,9000000.0,1,0,1,0,0,0,0,0,0,1,1,1
900.0,3.0,2.0,2.0,13500000.0,1,0,1,0,0,0,0,0,0,1,1,0
900.0,3.0,2.0,1.0,4800000.0,1,0,1,0,0,0,0,0,0,1,1,0
900.0,2.0,2.0,1.0,8550000.0,1,0,1,0,0,0,0,0,0,1,1,0
900.0,2.0,2.0,0.0,8000000.0,1,0,1,0,0,0,0,0,0,1,1,0
900.0,2.0,2.0,1.0,9000000.0,0,1,1,0,0,0,0,0,0,1,1,0
900.0,2.0,2.0,1.0,11000000.0,0,1,1,0,0,0,0,0,0,1,1,0
900.0,3.0,2.0,1.0,5500000.0,0,0,1,0,0,0,0,0,0,1,1,1
900.0,2.0,2.0,2.0,6900000.0,0,0,1,0,0,0,0,0,0,1,1,1
900.0,4.0,2.0,1.0,6600000.0,0,0,1,0,0,0,0,0,0,1,1,1
900.0,3.0,2.0,1.0,7000000.0,1,0,1,0,0,0,0,0,0,1,1,1
900.0,3.0,2.0,1.0,6000000.0,1,0,1,0,0,0,0,0,0,1,1,1
945.0,2.0,2.0,1.0,24900000.0,1,0,1,0,0,0,0,0,0,0,0,0
950.0,2.0,2.0,1.0,8100000.0,0,1,1,0,0,0,0,0,0,1,1,0
975.0,3.0,2.0,1.0,12000000.0,1,0,1,0,0,0,0,0,0,1,1,0
976.0,2.0,2.0,2.0,24900000.0,0,0,1,0,0,0,0,0,0,0,0,0
976.0,2.0,2.0,2.0,24900000.0,0,1,1,0,0,0,0,0,0,0,0,0
976.0,2.0,2.0,1.0,24900000.0,0,0,1,0,0,0,0,0,0,1,0,0
976.0,2.0,2.0,1.0,24900000.0,0,0,1,0,0,0,0,0,0,1,0,0
980.0,2.0,2.0,1.0,24800000.0,0,1,1,0,0,0,0,0,0,0,0,0
990.0,3.0,2.0,1.0,4000000.0,0,1,1,0,0,0,0,0,0,1,1,0
990.0,3.0,2.0,1.0,4000000.0,0,1,1,0,0,0,0,0,0,1,1,0
1000.0,2.0,2.0,1.0,5000000.0,0,1,1,0,0,0,0,0,0,1,0,0
1000.0,3.0,2.0,1.0,9200000.0,0,0,1,0,0,0,0,0,0,1,1,0
1000.0,3.0,2.0,2.0,12000000.0,0,0,1,0,0,0,0,0,0,1,1,0
1000.0,2.0,2.0,1.0,6700000.0,1,0,1,0,0,0,0,0,0,1,1,0
1000.0,2.0,2.0,1.0,7500000.0,1,0,1,0,0,0,0,0,0,1,1,0
1000.0,3.0,2.0,1.0,6500000.0,0,1,1,0,0,0,0,0,0,1,1,0
1000.0,2.0,2.0,1.0,7500000.0,0,1,1,0,0,0,0,0,0,1,1,0
1000.0,3.0,2.0,1.0,6000000.0,0,1,1,0,0,0,0,0,0,1,1,0
1000.0,2.0,2.0,1.0,7500000.0,0,1,1,0,0,0,0,0,0,1,1,0
1000.0,2.0,2.0,2.0,11700000.0,0,1,1,0,0,0,0,0,0,1,1,1
1000.0,3.0,3.0,1.0,9500000.0,0,0,1,0,0,0,0,0,0,1,1,0
1000.0,3.0,3.0,1.0,12500000.0,0,0,1,0,0,0,0,0,0,1,1,1
1050.0,2.0,2.0,1.0,10000000.0,1,0,1,0,0,0,0,0,0,1,1,0
1050.0,2.0,2.0,1.0,9000000.0,1,0,1,0,0,0,0,0,0,1,1,0
1076.0,3.0,2.0,4.0,9300000.0,0,1,1,0,0,0,0,0,0,1,1,1
1080.0,3.0,1.0,1.0,7000000.0,0,1,1,0,0,0,0,0,0,1,0,0
1100.0,2.0,2.0,1.0,9500000.0,1,0,1,0,0,0,0,0,0,1,1,0
1100.0,2.0,2.0,1.0,10000000.0,1,0,1,0,0,0,0,0,0,1,1,0
1100.0,2.0,2.0,1.0,7200000.0,0,1,1,0,0,0,0,0,0,1,1,0
1100.0,3.0,3.0,2.0,12500000.0,1,0,1,0,0,0,0,0,0,1,1,0
1150.0,3.0,3.0,1.0,12000000.0,1,0,1,0,0,0,0,0,0,1,1,0
1200.0,3.0,2.0,1.0,12500000.0,1,0,1,0,0,0,0,0,0,1,1,0
1260.0,3.0,2.0,1.0,7000000.0,1,0,1,0,0,0,0,0,0,1,1,1
1300.0,3.0,2.0,2.0,9800000.0,1,0,1,0,0,0,0,0,0,1,1,0
1300.0,3.0,2.0,2.0,11500000.0,1,0,1,0,0,0,0,0,0,1,1,0
1300.0,3.0,3.0,1.0,9200000.0,0,0,1,0,0,0,0,0,0,1,1,0
1350.0,3.0,3.0,1.0,11000000.0,1,0,1,0,0,0,0,0,0,1,1,0
1350.0,3.0,3.0,1.0,12000000.0,1,0,1,0,0,0,0,0,0,1,1,0
1350.0,4.0,4.0,1.0,10500000.0,1,0,1,0,0,0,0,0,0,1,1,0
1400.0,3.0,2.0,1.0,11000000.0,0,1,1,0,0,0,0,0,0,1,1,0
1450.0,3.0,2.0,1.0,14000000.0,0,0,1,0,0,0,0,0,0,1,1,0
1450.0,2.0,2.0,1.0,7000000.0,0,1,1,0,0,0,0,0,0,1,1,0
1450.0,3.0,3.0,1.0,11600000.0,1,0,1,0,0,0,0,0,0,1,1,0
1459.0,3.0,3.0,1.0,14200000.0,1,0,1,0,0,0,0,0,0,1,1,0
1460.0,3.0,3.0,1.0,16500000.0,1,0,1,0,0,0,0,0,0,1,1,0
1460.0,3.0,3.0,1.0,12000000.0,0,1,1,0,0,0,0,0,0,1,1,0
1500.0,4.0,1.0,0.0,12500000.0,0,1,1,0,0,0,0,0,0,1,1,0
1500.0,2.0,2.0,2.0,24700000.0,0,0,1,0,0,0,0,0,0,0,0,0
1500.0,3.0,2.0,1.0,16000000.0,1,0,1,0,0,0,0,0,0,1,1,0
1500.0,3.0,3.0,2.0,15000000.0,0,0,1,0,0,0,0,0,0,1,1,0
1500.0,3.0,3.0,1.0,12000000.0,1,0,1,0,0,0,0,0,0,1,1,0
1512.0,2.0,2.0,1.0,30000000.0,0,1,1,0,0,0,0,0,0,0,0,0
1531.0,2.0,2.0,2.0,25900000.0,0,1,1,0,0,0,0,0,0,0,0,0
1600.0,3.0,2.0,1.0,17000000.0,1,0,1,0,0,0,0,0,0,1,1,0
1600.0,4.0,3.0,1.0,20000000.0,0,0,1,0,0,0,0,0,0,1,1,0
1700.0,3.0,2.0,1.0,17000000.0,0,0,1,0,0,0,0,0,0,1,1,0
1700.0,4.0,3.0,2.0,11500000.0,0,1,1,0,0,0,0,0,0,1,0,1
1800.0,3.0,3.0,1.0,15000000.0,1,0,1,0,0,0,0,0,0,1,0,1
2000.0,4.0,4.0,1.0,27500000.0,1,0,1,0,0,0,0,0,0,1,1,1
2210.0,4.0,3.0,1.0,41000000.0,1,0,1,0,0,0,0,0,0,1,1,1
2210.0,4.0,3.0,1.0,41000000.0,1,0,1,0,0,0,0,0,0,1,1,1
2500.0,4.0,4.0,2.0,75000000.0,1,0,1,0,0,0,0,0,0,1,1,1
2519.0,4.0,5.0,2.0,68900000.0,0,1,1,0,0,0,0,0,0,0,0,0
2907.0,4.0,4.0,1.0,30000000.0,1,0,1,0,0,0,0,0,0,1,1,0
3150.0,4.0,5.0,3.0,61500000.0,1,0,1,0,0,0,0,0,0,1,0,1
252.0,2.0,2.0,1.0,5000000.0,0,0,0,1,0,0,0,0,0,1,0,0
450.0,1.0,1.0,1.0,3500000.0,1,0,0,1,0,0,0,0,0,1,0,0
450.0,1.0,1.0,1.0,3500000.0,0,1,0,1,0,0,0,0,0,1,0,0
675.0,2.0,2.0,1.0,3000000.0,1,0,0,1,0,0,0,0,0,1,1,1
100.0,3.0,2.0,1.0,4300000.0,0,0,0,1,0,0,0,0,0,1,0,1
198.0,1.0,1.0,1.0,1000000.0,0,0,0,1,0,0,0,0,0,1,1,0
210.0,1.0,1.0,1.0,2000000.0,1,0,0,1,0,0,0,0,0,1,0,0
237.0,1.0,1.0,1.0,2000000.0,0,1,0,1,0,0,0,0,0,1,1,0
270.0,2.0,1.0,1.0,1400000.0,1,0,0,1,0,0,0,0,0,1,1,0
300.0,1.0,1.0,1.0,1900000.0,1,0,0,1,0,0,0,0,0,1,0,0
344.0,2.0,2.0,1.0,3310000.0,1,0,0,1,0,0,0,0,0,1,1,1
350.0,1.0,1.0,1.0,2000000.0,1,0,0,1,0,0,0,0,0,1,0,0
350.0,1.0,1.0,1.0,1490000.0,0,1,0,1,0,0,0,0,0,1,0,0
350.0,1.0,1.0,1.0,3000000.0,0,1,0,1,0,0,0,0,0,1,1,0
350.0,1.0,1.0,1.0,1600000.0,0,1,0,1,0,0,0,0,0,1,1,0
350.0,1.0,1.0,3.0,2500000.0,0,1,0,1,0,0,0,0,0,1,1,0
350.0,1.0,1.0,1.0,2400000.0,1,0,0,1,0,0,0,0,0,1,0,1
350.0,1.0,1.0,1.0,2300000.0,1,0,0,1,0,0,0,0,0,1,0,1
350.0,1.0,1.0,1.0,1800000.0,1,0,0,1,0,0,0,0,0,1,1,1
360.0,1.0,1.0,1.0,1800000.0,0,1,0,1,0,0,0,0,0,1,1,0
365.0,1.0,1.0,1.0,3500000.0,0,1,0,1,0,0,0,0,0,1,1,0
378.0,1.0,2.0,2.0,1500000.0,0,1,0,1,0,0,0,0,0,1,1,0
379.0,1.0,1.0,1.0,1600000.0,0,1,0,1,0,0,0,0,0,1,1,1
380.0,1.0,1.0,1.0,2200000.0,1,0,0,1,0,0,0,0,0,1,0,0
390.0,1.0,1.0,1.0,2000000.0,0,1,0,1,0,0,0,0,0,1,1,0
400.0,1.0,1.0,1.0,2000000.0,0,0,0,1,0,0,0,0,0,1,1,1
405.0,2.0,3.0,1.0,6200000.0,0,0,0,1,0,0,0,0,0,1,1,1
425.0,1.0,1.0,1.0,2200000.0,0,1,0,1,0,0,0,0,0,1,1,0
431.0,1.0,1.0,2.0,5300000.0,0,0,0,1,0,0,0,0,0,1,1,0
437.0,1.0,1.0,1.0,3500000.0,0,0,0,1,0,0,0,0,0,1,0,0
444.0,2.0,2.0,1.0,2000000.0,0,1,0,1,0,0,0,0,0,1,1,0
445.0,1.0,1.0,1.0,1500000.0,0,1,0,1,0,0,0,0,0,1,1,0
445.0,2.0,2.0,1.0,2800000.0,1,0,0,1,0,0,0,0,0,1,0,0
450.0,1.0,1.0,2.0,2200000.0,0,0,0,1,0,0,0,0,0,1,1,0
450.0,1.0,1.0,1.0,2000000.0,0,0,0,1,0,0,0,0,0,1,1,1
450.0,2.0,1.0,1.0,3600000.0,0,1,0,1,0,0,0,0,0,1,1,1
450.0,2.0,2.0,1.0,3800000.0,1,0,0,1,0,0,0,0,0,1,0,1
450.0,2.0,2.0,1.0,4000000.0,0,0,0,1,0,0,0,0,0,1,1,1
452.0,2.0,1.0,1.0,3000000.0,0,0,0,1,0,0,0,0,0,1,1,0
495.0,2.0,2.0,1.0,1750000.0,0,1,0,1,0,0,0,0,0,1,1,1
500.0,1.0,1.0,1.0,3400000.0,1,0,0,1,0,0,0,0,0,1,1,0
500.0,1.0,1.0,1.0,1800000.0,0,1,0,1,0,0,0,0,0,1,1,0
500.0,2.0,1.0,1.0,2000000.0,1,0,0,1,0,0,0,0,0,1,1,1
500.0,2.0,2.0,1.0,1650000.0,1,0,0,1,0,0,0,0,0,1,1,0
550.0,2.0,2.0,1.0,3500000.0,1,0,0,1,0,0,0,0,0,1,0,0
550.0,2.0,2.0,1.0,4500000.0,1,0,0,1,0,0,0,0,0,1,0,1
560.0,2.0,2.0,3.0,2850000.0,0,0,0,1,0,0,0,0,0,1,1,0
585.0,2.0,2.0,1.0,1900000.0,0,1,0,1,0,0,0,0,0,1,1,1
600.0,2.0,2.0,1.0,4200000.0,1,0,0,1,0,0,0,0,0,1,1,1
630.0,2.0,2.0,1.0,4100000.0,1,0,0,1,0,0,0,0,0,1,0,0
630.0,2.0,2.0,1.0,5500000.0,1,0,0,1,0,0,0,0,0,1,0,1
650.0,2.0,2.0,1.0,4000000.0,1,0,0,1,0,0,0,0,0,1,0,0
650.0,2.0,2.0,1.0,6200000.0,1,0,0,1,0,0,0,0,0,1,0,1
650.0,2.0,2.0,1.0,6000000.0,1,0,0,1,0,0,0,0,0,1,1,1
660.0,2.0,2.0,1.0,4700000.0,1,0,0,1,0,0,0,0,0,1,0,1
660.0,2.0,2.0,1.0,5000000.0,1,0,0,1,0,0,0,0,0,1,1,1
666.0,1.0,2.0,1.0,3500000.0,0,0,0,1,0,0,0,0,0,1,1,1
680.0,2.0,2.0,1.0,4400000.0,1,0,0,1,0,0,0,0,0,1,0,0
700.0,3.0,2.0,1.0,4700000.0,1,0,0,1,0,0,0,0,0,1,0,0
720.0,2.0,2.0,1.0,4700000.0,1,0,0,1,0,0,0,0,0,1,0,0
720.0,3.0,2.0,1.0,6500000.0,1,0,0,1,0,0,0,0,0,1,0,1
720.0,3.0,2.0,1.0,6000000.0,1,0,0,1,0,0,0,0,0,1,0,1
729.0,3.0,4.0,1.0,2600000.0,0,0,0,1,0,0,0,0,0,1,1,1
750.0,2.0,2.0,1.0,5000000.0,1,0,0,1,0,0,0,0,0,1,0,0
750.0,2.0,2.0,1.0,5000000.0,1,0,0,1,0,0,0,0,0,1,0,0
750.0,2.0,2.0,1.0,5000000.0,1,0,0,1,0,0,0,0,0,1,0,0
750.0,2.0,2.0,1.0,5000000.0,1,0,0,1,0,0,0,0,0,1,0,0
800.0,2.0,2.0,1.0,5500000.0,1,0,0,1,0,0,0,0,0,1,0,0
800.0,3.0,2.0,1.0,5500000.0,1,0,0,1,0,0,0,0,0,1,0,0
800.0,3.0,2.0,1.0,5500000.0,1,0,0,1,0,0,0,0,0,1,0,1
800.0,3.0,2.0,1.0,6500000.0,1,0,0,1,0,0,0,0,0,1,0,1
800.0,3.0,2.0,1.0,7000000.0,1,0,0,1,0,0,0,0,0,1,1,1
810.0,3.0,2.0,1.0,4500000.0,1,0,0,1,0,0,0,0,0,1,1,1
850.0,2.0,2.0,1.0,11000000.0,1,0,0,1,0,0,0,0,0,1,1,0
850.0,3.0,2.0,1.0,7000000.0,1,0,0,1,0,0,0,0,0,1,0,1
850.0,3.0,2.0,1.0,6500000.0,1,0,0,1,0,0,0,0,0,1,0,1
850.0,3.0,2.0,1.0,7300000.0,1,0,0,1,0,0,0,0,0,1,0,1
870.0,3.0,2.0,1.0,7700000.0,1,0,0,1,0,0,0,0,0,1,0,1
900.0,2.0,1.0,1.0,11000000.0,0,0,0,1,0,0,0,0,0,1,1,0
900.0,2.0,2.0,2.0,3800000.0,1,0,0,1,0,0,0,0,0,1,1,0
900.0,2.0,2.0,1.0,10500000.0,1,0,0,1,0,0,0,0,0,1,1,0
900.0,2.0,2.0,1.0,4600000.0,0,1,0,1,0,0,0,0,0,1,1,0
900.0,3.0,2.0,1.0,4000000.0,1,0,0,1,0,0,0,0,0,1,1,1
900.0,3.0,2.0,4.0,4500000.0,1,0,0,1,0,0,0,0,0,1,1,1
915.0,2.0,2.0,1.0,12000000.0,1,0,0,1,0,0,0,0,0,1,1,1
950.0,2.0,2.0,1.0,15500000.0,0,0,0,1,0,0,0,0,0,1,1,0
950.0,3.0,2.0,1.0,7600000.0,1,0,0,1,0,0,0,0,0,1,0,1
980.0,3.0,2.0,1.0,7300000.0,1,0,0,1,0,0,0,0,0,1,0,0
985.0,3.0,3.0,1.0,6800000.0,0,1,0,1,0,0,0,0,0,0,0,1
990.0,3.0,2.0,1.0,5000000.0,0,0,0,1,0,0,0,0,0,1,1,1
1000.0,2.0,2.0,1.0,7600000.0,1,0,0,1,0,0,0,0,0,1,1,0
1030.0,3.0,2.0,1.0,6200000.0,0,0,0,1,0,0,0,0,0,1,0,1
1100.0,3.0,2.0,1.0,6200000.0,1,0,0,1,0,0,0,0,0,1,0,1
1100.0,3.0,2.0,1.0,6200000.0,1,0,0,1,0,0,0,0,0,1,0,1
1100.0,3.0,3.0,1.0,7000000.0,0,0,0,1,0,0,0,0,0,1,0,1
1100.0,4.0,3.0,1.0,17000000.0,1,0,0,1,0,0,0,0,0,1,0,1
1150.0,3.0,2.0,1.0,10000000.0,1,0,0,1,0,0,0,0,0,1,0,1
1150.0,3.0,3.0,1.0,25000000.0,1,0,0,1,0,0,0,0,0,1,1,0
1295.0,3.0,2.0,1.0,10000000.0,1,0,0,1,0,0,0,0,0,1,0,0
1300.0,4.0,3.0,1.0,15500000.0,1,0,0,1,0,0,0,0,0,1,0,1
1300.0,4.0,4.0,1.0,15000000.0,1,0,0,1,0,0,0,0,0,1,0,1
1300.0,4.0,4.0,1.0,15000000.0,1,0,0,1,0,0,0,0,0,1,0,1
1350.0,4.0,3.0,1.0,10000000.0,1,0,0,1,0,0,0,0,0,1,1,1
1360.0,4.0,3.0,1.0,13500000.0,1,0,0,1,0,0,0,0,0,1,0,1
1450.0,3.0,3.0,1.0,11500000.0,1,0,0,1,0,0,0,0,0,1,0,0
1500.0,3.0,2.0,1.0,12000000.0,1,0,0,1,0,0,0,0,0,1,0,0
1550.0,4.0,3.0,1.0,12500000.0,1,0,0,1,0,0,0,0,0,1,0,1
1550.0,4.0,3.0,1.0,13000000.0,1,0,0,1,0,0,0,0,0,1,0,1
1550.0,4.0,3.0,1.0,13000000.0,1,0,0,1,0,0,0,0,0,1,0,1
1600.0,4.0,3.0,1.0,13000000.0,1,0,0,1,0,0,0,0,0,1,0,0
1600.0,3.0,3.0,1.0,13500000.0,1,0,0,1,0,0,0,0,0,1,0,0
2077.0,1.0,1.0,1.0,1000000.0,0,1,0,1,0,0,0,0,0,1,1,1
2160.0,4.0,4.0,1.0,21000000.0,0,0,0,1,0,0,0,0,0,1,0,1
2170.0,4.0,4.0,2.0,22000000.0,0,1,0,1,0,0,0,0,0,1,0,1
2200.0,4.0,4.0,1.0,23000000.0,1,0,0,1,0,0,0,0,0,1,0,1
2300.0,4.0,4.0,1.0,24500000.0,1,0,0,1,0,0,0,0,0,1,0,1
2300.0,4.0,4.0,1.0,20000000.0,1,0,0,1,0,0,0,0,0,1,0,1
2400.0,6.0,4.0,1.0,6000000.0,0,0,0,1,0,0,0,0,0,1,1,1
2500.0,4.0,3.0,1.0,15000000.0,1,0,0,1,0,0,0,0,0,1,0,0
2800.0,5.0,4.0,1.0,17500000.0,1,0,0,1,0,0,0,0,0,1,0,0
4050.0,6.0,3.0,1.0,5100000.0,0,0,0,1,0,0,0,0,0,1,1,1
4900.0,1.0,1.0,1.0,1000000.0,0,1,0,1,0,0,0,0,0,1,0,0
450.0,2.0,1.0,1.0,1950000.0,1,0,0,0,1,0,0,0,0,1,0,0
585.0,3.0,2.0,0.0,35000000.0,1,0,0,0,1,0,0,0,0,1,0,0
630.0,1.0,2.0,1.0,4500000.0,0,1,0,0,1,0,0,0,0,1,1,0
324.0,6.0,3.0,1.0,8700000.0,0,0,0,0,1,0,0,0,0,1,1,1
360.0,2.0,1.0,1.0,1550000.0,0,1,0,0,1,0,0,0,0,1,0,1
360.0,1.0,1.0,1.0,2500000.0,0,1,0,0,1,0,0,0,0,1,1,1
377.0,1.0,1.0,1.0,3000000.0,1,0,0,0,1,0,0,0,0,1,0,0
440.0,2.0,2.0,1.0,2700000.0,0,1,0,0,1,0,0,0,0,1,1,0
445.0,2.0,1.0,1.0,2000000.0,0,1,0,0,1,0,0,0,0,1,1,1
450.0,2.0,1.0,0.0,6000000.0,0,1,0,0,1,0,0,0,0,1,1,0
450.0,2.0,2.0,0.0,2900000.0,1,0,0,0,1,0,0,0,0,1,1,1
495.0,1.0,1.0,1.0,1900000.0,0,0,0,0,1,0,0,0,0,1,1,1
504.0,3.0,1.0,0.0,3600000.0,1,0,0,0,1,0,0,0,0,1,1,0
504.0,2.0,1.0,1.0,2700000.0,0,0,0,0,1,0,0,0,0,1,1,1
540.0,2.0,1.0,1.0,2700000.0,0,0,0,0,1,0,0,0,0,1,0,0
540.0,5.0,2.0,0.0,17000000.0,1,0,0,0,1,0,0,0,0,1,1,1
558.0,2.0,1.0,1.0,2900000.0,0,1,0,0,1,0,0,0,0,1,0,1
630.0,3.0,2.0,1.0,22500000.0,0,0,0,0,1,0,0,0,0,1,1,1
650.0,2.0,2.0,1.0,5800000.0,1,0,0,0,1,0,0,0,0,1,1,0
675.0,2.0,1.0,1.0,3300000.0,0,1,0,0,1,0,0,0,0,1,1,0
675.0,4.0,2.0,2.0,18500000.0,0,0,0,0,1,0,0,0,0,1,1,1
675.0,4.0,3.0,2.0,16000000.0,0,0,0,0,1,0,0,0,0,1,1,1
700.0,2.0,1.0,2.0,16000000.0,0,0,0,0,1,0,0,0,0,1,0,1
700.0,2.0,2.0,1.0,2500000.0,1,0,0,0,1,0,0,0,0,1,1,0
700.0,2.0,2.0,0.0,4600000.0,0,1,0,0,1,0,0,0,0,1,0,1
713.0,3.0,1.0,1.0,8000000.0,0,1,0,0,1,0,0,0,0,1,1,0
713.0,2.0,2.0,1.0,6000000.0,1,0,0,0,1,0,0,0,0,1,0,1
720.0,2.0,1.0,1.0,4000000.0,0,1,0,0,1,0,0,0,0,1,1,1
720.0,4.0,2.0,2.0,9000000.0,0,0,0,0,1,0,0,0,0,1,1,1
720.0,6.0,5.0,1.0,22000000.0,0,0,0,0,1,0,0,0,0,1,1,1
747.0,2.0,2.0,1.0,6500000.0,0,0,0,0,1,0,0,0,0,1,1,1
750.0,2.0,2.0,0.0,9200000.0,1,0,0,0,1,0,0,0,0,1,1,1
750.0,1.0,2.0,1.0,6400000.0,1,0,0,0,1,0,0,0,0,1,1,1
750.0,2.0,2.0,1.0,4500000.0,0,1,0,0,1,0,0,0,0,1,1,1
800.0,3.0,2.0,2.0,3800000.0,1,0,0,0,1,0,0,0,0,1,1,1
810.0,3.0,2.0,1.0,6000000.0,1,0,0,0,1,0,0,0,0,1,1,1
810.0,3.0,2.0,1.0,6000000.0,1,0,0,0,1,0,0,0,0,1,1,1
846.0,2.0,1.0,1.0,3300000.0,0,1,0,0,1,0,0,0,0,1,0,0
850.0,2.0,2.0,1.0,4500000.0,0,0,0,0,1,0,0,0,0,1,1,1
850.0,2.0,2.0,1.0,4500000.0,0,0,0,0,1,0,0,0,0,1,1,1
850.0,3.0,2.0,1.0,5700000.0,0,0,0,0,1,0,0,0,0,1,1,1
850.0,3.0,2.0,1.0,4500000.0,1,0,0,0,1,0,0,0,0,1,1,1
852.0,2.0,2.0,1.0,2670000.0,0,1,0,0,1,0,0,0,0,1,1,0
900.0,4.0,1.0,1.0,15000000.0,0,0,0,0,1,0,0,0,0,1,1,0
900.0,2.0,2.0,1.0,6500000.0,1,0,0,0,1,0,0,0,0,1,1,0
900.0,3.0,2.0,1.0,6000000.0,1,0,0,0,1,0,0,0,0,0,0,1
900.0,2.0,2.0,1.0,4500000.0,1,0,0,0,1,0,0,0,0,1,1,1
950.0,3.0,2.0,1.0,5500000.0,1,0,0,0,1,0,0,0,0,1,1,0
970.0,3.0,2.0,1.0,6500000.0,1,0,0,0,1,0,0,0,0,1,1,1
990.0,2.0,2.0,2.0,4100000.0,1,0,0,0,1,0,0,0,0,1,1,1
1000.0,3.0,2.0,1.0,5650000.0,0,0,0,0,1,0,0,0,0,1,1,1
1017.0,2.0,2.0,1.0,6500000.0,0,0,0,0,1,0,0,0,0,1,0,1
1050.0,3.0,2.0,1.0,9000000.0,1,0,0,0,1,0,0,0,0,1,1,0
1053.0,3.0,2.0,4.0,7000000.0,0,0,0,0,1,0,0,0,0,1,1,1
1125.0,2.0,2.0,1.0,5000000.0,0,1,0,0,1,0,0,0,0,1,1,1
1150.0,2.0,2.0,1.0,7300000.0,1,0,0,0,1,0,0,0,0,1,1,0
1250.0,2.0,1.0,0.0,7500000.0,1,0,0,0,1,0,0,0,0,1,1,0
1300.0,4.0,3.0,1.0,11500000.0,0,0,0,0,1,0,0,0,0,1,0,1
1350.0,4.0,3.0,2.0,9500000.0,0,1,0,0,1,0,0,0,0,1,1,0
1350.0,4.0,3.0,1.0,11300000.0,1,0,0,0,1,0,0,0,0,1,0,1
1350.0,3.0,3.0,0.0,25000000.0,1,0,0,0,1,0,0,0,0,1,1,1
1425.0,3.0,3.0,1.0,9300000.0,1,0,0,0,1,0,0,0,0,1,1,1
1500.0,5.0,3.0,1.0,30000000.0,0,0,0,0,1,0,0,0,0,1,1,1
1512.0,2.0,2.0,1.0,22000000.0,0,0,0,0,1,0,0,0,0,1,1,1
1530.0,5.0,2.0,0.0,10200000.0,0,0,0,0,1,0,0,0,0,1,1,1
1650.0,4.0,3.0,1.0,14000000.0,0,0,0,0,1,0,0,0,0,0,0,0
1650.0,4.0,3.0,1.0,14000000.0,0,0,0,0,1,0,0,0,0,0,0,0
1800.0,4.0,2.0,0.0,17500000.0,0,0,0,0,1,0,0,0,0,1,1,1
1800.0,4.0,3.0,0.0,35000000.0,0,0,0,0,1,0,0,0,0,1,1,1
2160.0,3.0,3.0,1.0,65000000.0,0,0,0,0,1,0,0,0,0,1,1,1
2250.0,3.0,2.0,1.0,18500000.0,0,0,0,0,1,0,0,0,0,1,1,1
2250.0,3.0,2.0,0.0,10000000.0,1,0,0,0,1,0,0,0,0,1,1,1
2430.0,4.0,3.0,1.0,25000000.0,0,0,0,0,1,0,0,0,0,1,1,1
2475.0,3.0,3.0,1.0,70000000.0,0,0,0,0,1,0,0,0,0,1,1,1
2970.0,7.0,4.0,1.0,26500000.0,0,0,0,0,1,0,0,0,0,1,1,1
100.0,3.0,2.0,1.0,17000000.0,1,0,0,0,0,1,0,0,0,1,1,1
125.0,3.0,3.0,2.0,11500000.0,1,0,0,0,0,1,0,0,0,1,0,1
173.0,2.0,2.0,1.0,3500000.0,0,1,0,0,0,1,0,0,0,1,1,1
360.0,2.0,1.0,1.0,2200000.0,1,0,0,0,0,1,0,0,0,1,0,0
405.0,1.0,1.0,0.0,1500000.0,1,0,0,0,0,1,0,0,0,1,0,0
405.0,1.0,1.0,1.0,1800000.0,0,0,0,0,0,1,0,0,0,1,1,0
405.0,1.0,1.0,1.0,1600000.0,1,0,0,0,0,1,0,0,0,1,1,0
405.0,1.0,1.0,1.0,1500000.0,0,1,0,0,0,1,0,0,0,1,1,0
405.0,1.0,1.0,1.0,1200000.0,0,1,0,0,0,1,0,0,0,1,1,1
420.0,1.0,1.0,1.0,2300000.0,0,1,0,0,0,1,0,0,0,1,1,1
430.0,1.0,1.0,1.0,1850000.0,0,1,0,0,0,1,0,0,0,1,0,1
450.0,1.0,1.0,1.0,2200000.0,0,1,0,0,0,1,0,0,0,1,0,0
450.0,1.0,1.0,1.0,1700000.0,0,0,0,0,0,1,0,0,0,1,1,0
450.0,2.0,1.0,1.0,1700000.0,1,0,0,0,0,1,0,0,0,1,1,0
450.0,1.0,1.0,1.0,1650000.0,0,1,0,0,0,1,0,0,0,1,1,0
450.0,1.0,1.0,1.0,2500000.0,1,0,0,0,0,1,0,0,0,1,0,1
450.0,1.0,1.0,1.0,2100000.0,1,0,0,0,0,1,0,0,0,1,0,1
450.0,1.0,1.0,1.0,1700000.0,0,1,0,0,0,1,0,0,0,1,0,1
450.0,1.0,1.0,1.0,3000000.0,1,0,0,0,0,1,0,0,0,1,1,1
450.0,1.0,1.0,1.0,3000000.0,1,0,0,0,0,1,0,0,0,1,1,1
459.0,2.0,2.0,1.0,2200000.0,1,0,0,0,0,1,0,0,0,1,1,1
500.0,2.0,1.0,2.0,7000000.0,1,0,0,0,0,1,0,0,0,1,1,0
500.0,1.0,1.0,2.0,2300000.0,0,1,0,0,0,1,0,0,0,1,1,0
500.0,2.0,2.0,1.0,3200000.0,1,0,0,0,0,1,0,0,0,1,1,0
500.0,1.0,2.0,1.0,2100000.0,1,0,0,0,0,1,0,0,0,1,1,0
527.0,2.0,2.0,1.0,3500000.0,1,0,0,0,0,1,0,0,0,1,1,1
540.0,1.0,1.0,1.0,1700000.0,0,1,0,0,0,1,0,0,0,1,1,1
540.0,2.0,1.0,2.0,1500000.0,0,1,0,0,0,1,0,0,0,1,1,1
550.0,2.0,2.0,2.0,10700000.0,1,0,0,0,0,1,0,0,0,1,1,1
550.0,2.0,2.0,1.0,2300000.0,0,1,0,0,0,1,0,0,0,1,1,1
565.0,2.0,2.0,1.0,3500000.0,0,1,0,0,0,1,0,0,0,1,1,1
580.0,1.0,1.0,1.0,1600000.0,1,0,0,0,0,1,0,0,0,1,0,1
585.0,2.0,2.0,1.0,4000000.0,1,0,0,0,0,1,0,0,0,1,1,1
600.0,1.0,1.0,2.0,7000000.0,0,1,0,0,0,1,0,0,0,1,0,0
600.0,2.0,1.0,1.0,3000000.0,1,0,0,0,0,1,0,0,0,1,1,0
600.0,2.0,2.0,1.0,3000000.0,1,0,0,0,0,1,0,0,0,1,0,0
600.0,2.0,2.0,1.0,11500000.0,1,0,0,0,0,1,0,0,0,1,0,1
600.0,3.0,2.0,1.0,8000000.0,1,0,0,0,0,1,0,0,0,1,1,1
600.0,2.0,2.0,1.0,3200000.0,0,1,0,0,0,1,0,0,0,1,1,1
630.0,2.0,2.0,1.0,2800000.0,0,1,0,0,0,1,0,0,0,1,1,0
630.0,2.0,2.0,1.0,4600000.0,1,0,0,0,0,1,0,0,0,1,1,1
650.0,2.0,2.0,0.0,2750000.0,1,0,0,0,0,1,0,0,0,1,1,0
650.0,2.0,2.0,1.0,3800000.0,0,1,0,0,0,1,0,0,0,1,1,0
650.0,2.0,2.0,1.0,2500000.0,1,0,0,0,0,1,0,0,0,1,1,1
650.0,3.0,2.0,3.0,4200000.0,0,1,0,0,0,1,0,0,0,1,1,1
675.0,2.0,1.0,0.0,2200000.0,0,1,0,0,0,1,0,0,0,1,1,1
675.0,2.0,2.0,1.0,2800000.0,1,0,0,0,0,1,0,0,0,1,0,1
700.0,2.0,2.0,1.0,9000000.0,1,0,0,0,0,1,0,0,0,1,1,0
700.0,2.0,2.0,0.0,16500000.0,0,1,0,0,0,1,0,0,0,1,1,0
700.0,2.0,2.0,0.0,16500000.0,0,1,0,0,0,1,0,0,0,1,1,0
700.0,2.0,2.0,1.0,3000000.0,1,0,0,0,0,1,0,0,0,1,0,1
710.0,2.0,2.0,1.0,2900000.0,0,1,0,0,0,1,0,0,0,1,1,0
720.0,3.0,2.0,1.0,4500000.0,1,0,0,0,0,1,0,0,0,1,1,1
725.0,2.0,2.0,1.0,3000000.0,0,0,0,0,0,1,0,0,0,1,1,0
750.0,2.0,2.0,0.0,13000000.0,0,1,0,0,0,1,0,0,0,0,0,1
750.0,2.0,2.0,2.0,11500000.0,0,1,0,0,0,1,0,0,0,0,0,1
750.0,2.0,2.0,1.0,16500000.0,1,0,0,0,0,1,0,0,0,1,0,1
750.0,2.0,2.0,2.0,11500000.0,1,0,0,0,0,1,0,0,0,1,0,1
750.0,2.0,2.0,1.0,3500000.0,0,1,0,0,0,1,0,0,0,1,0,1
750.0,2.0,2.0,1.0,13600000.0,0,1,0,0,0,1,0,0,0,1,0,1
765.0,2.0,2.0,4.0,2500000.0,0,1,0,0,0,1,0,0,0,1,0,1
770.0,2.0,2.0,1.0,3790000.0,1,0,0,0,0,1,0,0,0,1,0,1
800.0,2.0,2.0,1.0,4400000.0,1,0,0,0,0,1,0,0,0,1,0,0
800.0,2.0,2.0,1.0,3000000.0,1,0,0,0,0,1,0,0,0,1,0,1
800.0,3.0,2.0,1.0,4400000.0,1,0,0,0,0,1,0,0,0,1,0,1
800.0,2.0,2.0,1.0,12000000.0,1,0,0,0,0,1,0,0,0,1,0,1
800.0,2.0,2.0,1.0,15000000.0,0,1,0,0,0,1,0,0,0,1,0,1
800.0,2.0,2.0,1.0,14000000.0,0,1,0,0,0,1,0,0,0,1,0,1
800.0,2.0,2.0,1.0,14500000.0,0,1,0,0,0,1,0,0,0,1,0,1
800.0,3.0,3.0,1.0,4500000.0,1,0,0,0,0,1,0,0,0,1,1,0
810.0,3.0,2.0,1.0,4200000.0,1,0,0,0,0,1,0,0,0,1,0,0
810.0,2.0,2.0,4.0,4500000.0,0,1,0,0,0,1,0,0,0,1,1,0
810.0,2.0,2.0,1.0,15500000.0,1,0,0,0,0,1,0,0,0,1,0,1
810.0,3.0,2.0,1.0,3800000.0,0,0,0,0,0,1,0,0,0,1,1,1
810.0,2.0,2.0,1.0,8910000.0,1,0,0,0,0,1,0,0,0,1,1,1
810.0,3.0,2.0,1.0,7500000.0,1,0,0,0,0,1,0,0,0,1,1,1
820.0,3.0,2.0,1.0,5200000.0,1,0,0,0,0,1,0,0,0,1,1,1
825.0,3.0,2.0,1.0,5990000.0,1,0,0,0,0,1,0,0,0,1,0,1
825.0,2.0,2.0,1.0,15000000.0,0,1,0,0,0,1,0,0,0,1,0,1
850.0,2.0,2.0,1.0,2800000.0,1,0,0,0,0,1,0,0,0,1,1,0
850.0,2.0,2.0,1.0,13500000.0,1,0,0,0,0,1,0,0,0,1,1,0
850.0,2.0,2.0,1.0,11500000.0,1,0,0,0,0,1,0,0,0,1,1,1
850.0,2.0,2.0,1.0,14600000.0,1,0,0,0,0,1,0,0,0,1,1,1
850.0,2.0,2.0,2.0,14600000.0,1,0,0,0,0,1,0,0,0,1,1,1
850.0,2.0,2.0,2.0,8500000.0,0,1,0,0,0,1,0,0,0,1,1,1
855.0,3.0,2.0,1.0,4800000.0,0,1,0,0,0,1,0,0,0,1,1,0
855.0,2.0,2.0,1.0,4000000.0,1,0,0,0,0,1,0,0,0,1,1,1
855.0,3.0,2.0,1.0,6500000.0,1,0,0,0,0,1,0,0,0,1,1,1
875.0,2.0,2.0,1.0,15000000.0,0,1,0,0,0,1,0,0,0,1,0,1
875.0,3.0,3.0,3.0,17500000.0,1,0,0,0,0,1,0,0,0,1,0,1
890.0,2.0,2.0,1.0,8300000.0,1,0,0,0,0,1,0,0,0,1,1,1
900.0,1.0,1.0,0.0,8900000.0,1,0,0,0,0,1,0,0,0,1,1,1
900.0,2.0,2.0,1.0,13500000.0,1,0,0,0,0,1,0,0,0,1,0,0
900.0,3.0,2.0,1.0,6200000.0,1,0,0,0,0,1,0,0,0,1,1,0
900.0,3.0,2.0,1.0,24000000.0,1,0,0,0,0,1,0,0,0,1,1,0
900.0,3.0,2.0,1.0,5900000.0,1,0,0,0,0,1,0,0,0,0,0,1
900.0,2.0,2.0,2.0,13000000.0,1,0,0,0,0,1,0,0,0,1,0,1
900.0,3.0,2.0,1.0,4900000.0,1,0,0,0,0,1,0,0,0,1,0,1
900.0,2.0,2.0,1.0,3500000.0,1,0,0,0,0,1,0,0,0,1,0,1
900.0,2.0,2.0,1.0,15800000.0,1,0,0,0,0,1,0,0,0,1,0,1
900.0,2.0,2.0,2.0,13400000.0,1,0,0,0,0,1,0,0,0,1,0,1
900.0,2.0,2.0,1.0,15800000.0,1,0,0,0,0,1,0,0,0,1,0,1
900.0,2.0,2.0,1.0,10500000.0,0,1,0,0,0,1,0,0,0,1,0,1
900.0,2.0,2.0,1.0,13000000.0,0,1,0,0,0,1,0,0,0,1,0,1
900.0,2.0,2.0,1.0,10300000.0,0,1,0,0,0,1,0,0,0,1,0,1
900.0,2.0,2.0,2.0,5500000.0,0,1,0,0,0,1,0,0,0,1,0,1
900.0,2.0,2.0,2.0,11000000.0,0,0,0,0,0,1,0,0,0,1,1,1
900.0,2.0,2.0,2.0,12500000.0,0,0,0,0,0,1,0,0,0,1,1,1
900.0,2.0,2.0,3.0,20000000.0,1,0,0,0,0,1,0,0,0,1,1,1
900.0,2.0,2.0,2.0,10000000.0,0,1,0,0,0,1,0,0,0,1,1,1
900.0,2.0,2.0,1.0,11000000.0,0,1,0,0,0,1,0,0,0,1,1,1
900.0,2.0,2.0,1.0,11000000.0,0,1,0,0,0,1,0,0,0,1,1,1
900.0,2.0,2.0,2.0,6300000.0,0,1,0,0,0,1,0,0,0,1,1,1
900.0,2.0,3.0,2.0,12500000.0,1,0,0,0,0,1,0,0,0,1,1,1
945.0,2.0,1.0,4.0,6500000.0,0,1,0,0,0,1,0,0,0,1,1,0
945.0,3.0,2.0,1.0,5500000.0,1,0,0,0,0,1,0,0,0,1,1,0
950.0,3.0,2.0,0.0,7090000.0,1,0,0,0,0,1,0,0,0,0,0,1
950.0,3.0,2.0,2.0,6990000.0,1,0,0,0,0,1,0,0,0,0,0,1
950.0,3.0,2.0,1.0,7020000.0,1,0,0,0,0,1,0,0,0,0,0,1
950.0,3.0,2.0,1.0,6000000.0,0,0,0,0,0,1,0,0,0,1,0,1
950.0,3.0,2.0,1.0,5000000.0,0,1,0,0,0,1,0,0,0,1,1,1
969.0,2.0,2.0,2.0,15000000.0,1,0,0,0,0,1,0,0,0,1,1,0
969.0,2.0,2.0,2.0,15000000.0,1,0,0,0,0,1,0,0,0,1,1,0
980.0,2.0,2.0,2.0,13800000.0,1,0,0,0,0,1,0,0,0,1,1,0
980.0,2.0,2.0,2.0,13800000.0,1,0,0,0,0,1,0,0,0,1,1,0
990.0,2.0,2.0,1.0,11500000.0,0,1,0,0,0,1,0,0,0,1,1,1
990.0,3.0,3.0,1.0,28000000.0,0,0,0,0,0,1,0,0,0,1,1,0
990.0,4.0,3.0,1.0,7200000.0,0,1,0,0,0,1,0,0,0,0,0,1
1000.0,2.0,2.0,1.0,20000000.0,0,0,0,0,0,1,0,0,0,1,1,0
1000.0,2.0,2.0,1.0,20000000.0,0,0,0,0,0,1,0,0,0,1,1,0
1000.0,2.0,2.0,1.0,7500000.0,1,0,0,0,0,1,0,0,0,1,1,0
1000.0,3.0,2.0,1.0,6200000.0,1,0,0,0,0,1,0,0,0,1,1,1
1000.0,2.0,2.0,1.0,6500000.0,1,0,0,0,0,1,0,0,0,1,1,1
1000.0,2.0,2.0,1.0,15000000.0,0,1,0,0,0,1,0,0,0,1,1,1
1000.0,3.0,3.0,2.0,19500000.0,1,0,0,0,0,1,0,0,0,1,1,0
1000.0,3.0,3.0,2.0,19500000.0,1,0,0,0,0,1,0,0,0,1,1,0
1000.0,3.0,3.0,1.0,22000000.0,1,0,0,0,0,1,0,0,0,1,0,1
1035.0,3.0,3.0,1.0,4500000.0,1,0,0,0,0,1,0,0,0,1,0,1
1044.0,3.0,2.0,1.0,6000000.0,0,1,0,0,0,1,0,0,0,1,1,1
1050.0,3.0,2.0,2.0,5600000.0,0,1,0,0,0,1,0,0,0,1,0,1
1050.0,3.0,2.0,3.0,12500000.0,1,0,0,0,0,1,0,0,0,1,1,1
1070.0,2.0,3.0,1.0,18000000.0,1,0,0,0,0,1,0,0,0,1,0,1
1080.0,3.0,2.0,1.0,22500000.0,1,0,0,0,0,1,0,0,0,1,0,1
1080.0,3.0,3.0,4.0,6000000.0,0,1,0,0,0,1,0,0,0,1,0,0
1100.0,3.0,2.0,1.0,6500000.0,0,1,0,0,0,1,0,0,0,1,0,0
1100.0,2.0,2.0,1.0,12500000.0,1,0,0,0,0,1,0,0,0,1,1,0
1100.0,2.0,2.0,2.0,13500000.0,1,0,0,0,0,1,0,0,0,1,1,0
1100.0,2.0,2.0,2.0,15000000.0,0,1,0,0,0,1,0,0,0,1,1,0
1100.0,2.0,2.0,2.0,15000000.0,0,1,0,0,0,1,0,0,0,1,1,0
1100.0,3.0,2.0,1.0,7500000.0,1,0,0,0,0,1,0,0,0,1,0,1
1100.0,3.0,2.0,1.0,6000000.0,1,0,0,0,0,1,0,0,0,1,0,1
1100.0,3.0,2.0,1.0,8500000.0,0,1,0,0,0,1,0,0,0,1,1,1
1100.0,3.0,3.0,2.0,18500000.0,0,1,0,0,0,1,0,0,0,1,1,0
1100.0,2.0,3.0,1.0,22500000.0,1,0,0,0,0,1,0,0,0,1,0,1
1100.0,3.0,3.0,1.0,22500000.0,0,1,0,0,0,1,0,0,0,1,0,1
1116.0,3.0,3.0,1.0,14700000.0,1,0,0,0,0,1,0,0,0,1,1,1
1125.0,2.0,2.0,2.0,8100000.0,0,1,0,0,0,1,0,0,0,1,1,1
1130.0,2.0,2.0,1.0,7800000.0,0,1,0,0,0,1,0,0,0,1,1,1
1143.0,3.0,3.0,2.0,22000000.0,0,1,0,0,0,1,0,0,0,1,0,1
1150.0,2.0,2.0,1.0,16500000.0,0,1,0,0,0,1,0,0,0,1,1,0
1150.0,2.0,2.0,1.0,16500000.0,0,1,0,0,0,1,0,0,0,1,1,0
1150.0,3.0,3.0,1.0,25500000.0,1,0,0,0,0,1,0,0,0,1,0,1
1150.0,3.0,3.0,2.0,26000000.0,1,0,0,0,0,1,0,0,0,1,0,1
1150.0,3.0,3.0,2.0,24000000.0,1,0,0,0,0,1,0,0,0,1,0,1
1170.0,3.0,3.0,4.0,7200000.0,0,1,0,0,0,1,0,0,0,0,0,1
1175.0,3.0,3.0,4.0,5000000.0,0,1,0,0,0,1,0,0,0,0,0,1
1200.0,2.0,2.0,2.0,17500000.0,1,0,0,0,0,1,0,0,0,1,1,0
1200.0,2.0,2.0,2.0,17500000.0,1,0,0,0,0,1,0,0,0,1,1,0
1200.0,2.0,2.0,1.0,14300000.0,0,1,0,0,0,1,0,0,0,1,1,0
1200.0,2.0,2.0,1.0,14300000.0,0,1,0,0,0,1,0,0,0,1,1,0
1200.0,2.0,2.0,1.0,27500000.0,0,0,0,0,0,1,0,0,0,1,1,1
1200.0,3.0,2.0,1.0,15500000.0,1,0,0,0,0,1,0,0,0,1,1,1
1200.0,3.0,2.0,3.0,17000000.0,1,0,0,0,0,1,0,0,0,1,1,1
1200.0,3.0,3.0,1.0,22500000.0,1,0,0,0,0,1,0,0,0,1,0,1
1200.0,3.0,3.0,1.0,22200000.0,1,0,0,0,0,1,0,0,0,1,0,1
1200.0,3.0,3.0,1.0,22000000.0,0,1,0,0,0,1,0,0,0,1,0,1
1200.0,3.0,3.0,1.0,25000000.0,0,1,0,0,0,1,0,0,0,1,0,1
1200.0,3.0,3.0,1.0,16500000.0,1,0,0,0,0,1,0,0,0,1,1,1
1240.0,3.0,3.0,2.0,26500000.0,0,1,0,0,0,1,0,0,0,1,0,1
1250.0,2.0,1.0,2.0,17500000.0,1,0,0,0,0,1,0,0,0,1,1,0
1250.0,3.0,2.0,1.0,6500000.0,1,0,0,0,0,1,0,0,0,1,1,0
1250.0,3.0,3.0,2.0,20000000.0,1,0,0,0,0,1,0,0,0,1,0,0
1250.0,3.0,3.0,2.0,20000000.0,1,0,0,0,0,1,0,0,0,1,0,0
1250.0,3.0,3.0,1.0,25500000.0,1,0,0,0,0,1,0,0,0,0,0,1
1250.0,3.0,3.0,2.0,8500000.0,0,1,0,0,0,1,0,0,0,0,0,1
1250.0,3.0,3.0,1.0,5800000.0,0,1,0,0,0,1,0,0,0,1,0,1
1250.0,3.0,3.0,1.0,24000000.0,1,0,0,0,0,1,0,0,0,1,1,1
1250.0,2.0,4.0,1.0,19000000.0,1,0,0,0,0,1,0,0,0,1,1,1
1260.0,3.0,3.0,1.0,21000000.0,1,0,0,0,0,1,0,0,0,1,1,1
1260.0,3.0,3.0,2.0,21000000.0,1,0,0,0,0,1,0,0,0,1,1,1
1280.0,2.0,2.0,1.0,12500000.0,0,0,0,0,0,1,0,0,0,1,1,1
1290.0,3.0,2.0,2.0,20000000.0,1,0,0,0,0,1,0,0,0,1,1,1
1292.0,3.0,2.0,1.0,23500000.0,0,1,0,0,0,1,0,0,0,1,1,0
1300.0,2.0,2.0,2.0,16000000.0,1,0,0,0,0,1,0,0,0,1,1,0
1300.0,2.0,2.0,2.0,15500000.0,1,0,0,0,0,1,0,0,0,1,1,0
1300.0,2.0,2.0,1.0,15000000.0,1,0,0,0,0,1,0,0,0,1,1,0
1300.0,2.0,2.0,1.0,15000000.0,1,0,0,0,0,1,0,0,0,1,1,0
1300.0,3.0,2.0,1.0,18500000.0,0,1,0,0,0,1,0,0,0,1,1,0
1300.0,3.0,2.0,1.0,18500000.0,0,1,0,0,0,1,0,0,0,1,1,0
1300.0,3.0,3.0,2.0,19000000.0,0,1,0,0,0,1,0,0,0,1,1,0
1300.0,3.0,3.0,2.0,19000000.0,0,1,0,0,0,1,0,0,0,1,1,0
1300.0,3.0,3.0,1.0,4400000.0,1,0,0,0,0,1,0,0,0,1,0,1
1300.0,3.0,3.0,2.0,7000000.0,1,0,0,0,0,1,0,0,0,1,0,1
1300.0,3.0,3.0,1.0,10000000.0,1,0,0,0,0,1,0,0,0,1,1,1
1300.0,3.0,3.0,3.0,22500000.0,1,0,0,0,0,1,0,0,0,1,1,1
1305.0,4.0,3.0,1.0,5500000.0,0,1,0,0,0,1,0,0,0,0,0,1
1320.0,3.0,2.0,2.0,15600000.0,0,1,0,0,0,1,0,0,0,1,1,0
1320.0,3.0,2.0,2.0,15600000.0,0,1,0,0,0,1,0,0,0,1,1,0
1350.0,2.0,2.0,4.0,12500000.0,0,0,0,0,0,1,0,0,0,1,1,1
1350.0,3.0,2.0,1.0,19000000.0,0,1,0,0,0,1,0,0,0,1,1,1
1350.0,3.0,3.0,1.0,8500000.0,0,1,0,0,0,1,0,0,0,1,0,0
1350.0,3.0,3.0,1.0,8500000.0,0,1,0,0,0,1,0,0,0,1,0,0
1350.0,3.0,3.0,2.0,21000000.0,1,0,0,0,0,1,0,0,0,1,1,0
1350.0,3.0,3.0,2.0,21000000.0,1,0,0,0,0,1,0,0,0,1,1,0
1350.0,3.0,3.0,2.0,20000000.0,0,1,0,0,0,1,0,0,0,1,1,0
1350.0,3.0,3.0,1.0,25000000.0,1,0,0,0,0,1,0,0,0,1,0,1
1350.0,3.0,3.0,1.0,26000000.0,1,0,0,0,0,1,0,0,0,1,0,1
1350.0,3.0,3.0,2.0,30000000.0,1,0,0,0,0,1,0,0,0,1,0,1
1350.0,3.0,3.0,1.0,26000000.0,0,1,0,0,0,1,0,0,0,1,0,1
1350.0,3.0,3.0,1.0,41500000.0,0,1,0,0,0,1,0,0,0,1,0,1
1350.0,3.0,3.0,1.0,8500000.0,0,1,0,0,0,1,0,0,0,1,0,1
1350.0,3.0,3.0,2.0,22000000.0,1,0,0,0,0,1,0,0,0,1,1,1
1350.0,3.0,3.0,2.0,35000000.0,1,0,0,0,0,1,0,0,0,1,1,1
1350.0,3.0,3.0,1.0,21000000.0,1,0,0,0,0,1,0,0,0,1,1,1
1350.0,3.0,3.0,1.0,21000000.0,0,1,0,0,0,1,0,0,0,1,1,1
1350.0,3.0,4.0,1.0,25000000.0,0,1,0,0,0,1,0,0,0,1,1,0
1400.0,2.0,2.0,2.0,14000000.0,1,0,0,0,0,1,0,0,0,1,1,0
1400.0,2.0,2.0,2.0,14000000.0,1,0,0,0,0,1,0,0,0,1,1,0
1400.0,3.0,2.0,2.0,19000000.0,1,0,0,0,0,1,0,0,0,1,1,0
1400.0,3.0,2.0,1.0,19000000.0,0,1,0,0,0,1,0,0,0,1,1,0
1400.0,3.0,2.0,1.0,19000000.0,0,1,0,0,0,1,0,0,0,1,1,0
1400.0,2.0,2.0,1.0,16500000.0,0,1,0,0,0,1,0,0,0,1,1,0
1400.0,2.0,2.0,1.0,16500000.0,0,1,0,0,0,1,0,0,0,1,1,0
1400.0,3.0,2.0,2.0,26000000.0,1,0,0,0,0,1,0,0,0,1,1,1
1400.0,3.0,2.0,2.0,26000000.0,1,0,0,0,0,1,0,0,0,1,1,1
1400.0,3.0,3.0,1.0,18000000.0,0,0,0,0,0,1,0,0,0,1,1,0
1400.0,3.0,3.0,1.0,18000000.0,0,0,0,0,0,1,0,0,0,1,1,0
1400.0,3.0,3.0,1.0,19000000.0,0,0,0,0,0,1,0,0,0,1,1,0
1400.0,3.0,3.0,1.0,19000000.0,0,0,0,0,0,1,0,0,0,1,1,0
1400.0,3.0,3.0,1.0,19000000.0,1,0,0,0,0,1,0,0,0,1,1,0
1400.0,3.0,3.0,1.0,19000000.0,1,0,0,0,0,1,0,0,0,1,1,0
1400.0,3.0,3.0,1.0,32500000.0,1,0,0,0,0,1,0,0,0,1,0,1
1400.0,3.0,3.0,2.0,32500000.0,1,0,0,0,0,1,0,0,0,1,0,1
1400.0,3.0,3.0,2.0,50000000.0,1,0,0,0,0,1,0,0,0,1,0,1
1400.0,3.0,3.0,2.0,34000000.0,1,0,0,0,0,1,0,0,0,1,0,1
1400.0,3.0,3.0,1.0,30000000.0,1,0,0,0,0,1,0,0,0,1,0,1
1400.0,3.0,3.0,1.0,24500000.0,0,1,0,0,0,1,0,0,0,1,1,1
1440.0,3.0,3.0,1.0,19000000.0,0,1,0,0,0,1,0,0,0,1,1,0
1440.0,3.0,3.0,1.0,19000000.0,0,1,0,0,0,1,0,0,0,1,1,0
1440.0,3.0,3.0,2.0,22500000.0,1,0,0,0,0,1,0,0,0,1,0,1
1440.0,3.0,3.0,3.0,26000000.0,1,0,0,0,0,1,0,0,0,1,0,1
1450.0,3.0,3.0,1.0,34000000.0,1,0,0,0,0,1,0,0,0,0,0,1
1450.0,3.0,3.0,2.0,30000000.0,1,0,0,0,0,1,0,0,0,1,0,1
1450.0,3.0,3.0,2.0,37500000.0,1,0,0,0,0,1,0,0,0,1,0,1
1450.0,3.0,3.0,2.0,30000000.0,1,0,0,0,0,1,0,0,0,1,0,1
1450.0,3.0,3.0,1.0,45000000.0,1,0,0,0,0,1,0,0,0,1,0,1
1450.0,3.0,3.0,1.0,45000000.0,1,0,0,0,0,1,0,0,0,1,0,1
1450.0,3.0,3.0,1.0,22500000.0,1,0,0,0,0,1,0,0,0,1,1,1
1500.0,3.0,2.0,2.0,21500000.0,1,0,0,0,0,1,0,0,0,1,1,0
1500.0,3.0,2.0,1.0,20500000.0,1,0,0,0,0,1,0,0,0,1,1,0
1500.0,1.0,2.0,0.0,13500000.0,0,1,0,0,0,1,0,0,0,1,1,0
1500.0,1.0,2.0,0.0,13500000.0,0,1,0,0,0,1,0,0,0,1,1,0
1500.0,2.0,2.0,3.0,13000000.0,1,0,0,0,0,1,0,0,0,1,0,1
1500.0,3.0,2.0,1.0,28500000.0,1,0,0,0,0,1,0,0,0,1,0,1
1500.0,3.0,3.0,1.0,8400000.0,1,0,0,0,0,1,0,0,0,1,0,0
1500.0,3.0,3.0,1.0,26500000.0,0,1,0,0,0,1,0,0,0,1,0,0
1500.0,3.0,3.0,1.0,26500000.0,0,1,0,0,0,1,0,0,0,1,0,0
1500.0,3.0,3.0,2.0,21000000.0,1,0,0,0,0,1,0,0,0,1,1,0
1500.0,3.0,3.0,2.0,21000000.0,1,0,0,0,0,1,0,0,0,1,1,0
1500.0,3.0,3.0,1.0,7000000.0,1,0,0,0,0,1,0,0,0,1,0,1
1500.0,3.0,3.0,2.0,40000000.0,1,0,0,0,0,1,0,0,0,1,0,1
1500.0,3.0,3.0,2.0,26000000.0,1,0,0,0,0,1,0,0,0,1,0,1
1500.0,3.0,3.0,2.0,26000000.0,1,0,0,0,0,1,0,0,0,1,0,1
1500.0,3.0,3.0,1.0,26000000.0,1,0,0,0,0,1,0,0,0,1,0,1
1500.0,3.0,3.0,2.0,60000000.0,1,0,0,0,0,1,0,0,0,1,0,1
1500.0,3.0,3.0,1.0,31500000.0,1,0,0,0,0,1,0,0,0,1,1,1
1500.0,3.0,3.0,1.0,31500000.0,1,0,0,0,0,1,0,0,0,1,1,1
1500.0,3.0,3.0,1.0,40000000.0,1,0,0,0,0,1,0,0,0,1,1,1
1500.0,3.0,3.0,1.0,27000000.0,1,0,0,0,0,1,0,0,0,1,1,1
1500.0,3.0,3.0,2.0,30000000.0,1,0,0,0,0,1,0,0,0,1,1,1
1500.0,3.0,3.0,2.0,22500000.0,1,0,0,0,0,1,0,0,0,1,1,1
1500.0,3.0,3.0,4.0,6000000.0,0,1,0,0,0,1,0,0,0,1,1,1
1500.0,3.0,4.0,2.0,45000000.0,0,1,0,0,0,1,0,0,0,1,1,1
1575.0,3.0,3.0,1.0,25500000.0,1,0,0,0,0,1,0,0,0,1,0,1
1600.0,3.0,3.0,2.0,20000000.0,1,0,0,0,0,1,0,0,0,1,1,0
1600.0,3.0,3.0,2.0,20000000.0,1,0,0,0,0,1,0,0,0,1,1,0
1600.0,3.0,3.0,2.0,40000000.0,1,0,0,0,0,1,0,0,0,1,1,0
1600.0,3.0,3.0,2.0,21000000.0,1,0,0,0,0,1,0,0,0,1,1,0
1600.0,3.0,3.0,2.0,33500000.0,1,0,0,0,0,1,0,0,0,1,0,1
1600.0,3.0,3.0,1.0,30000000.0,1,0,0,0,0,1,0,0,0,1,0,1
1600.0,3.0,3.0,1.0,30000000.0,1,0,0,0,0,1,0,0,0,1,0,1
1600.0,3.0,3.0,2.0,21000000.0,1,0,0,0,0,1,0,0,0,1,0,1
1600.0,3.0,3.0,2.0,30000000.0,0,1,0,0,0,1,0,0,0,1,0,1
1600.0,3.0,3.0,1.0,30000000.0,0,1,0,0,0,1,0,0,0,1,0,1
1600.0,3.0,3.0,1.0,22500000.0,1,0,0,0,0,1,0,0,0,1,1,1
1600.0,3.0,3.0,1.0,22500000.0,0,1,0,0,0,1,0,0,0,1,1,1
1600.0,3.0,3.0,2.0,26000000.0,0,1,0,0,0,1,0,0,0,1,1,1
1600.0,3.0,3.0,2.0,29500000.0,0,1,0,0,0,1,0,0,0,1,1,1
1600.0,3.0,4.0,1.0,60000000.0,0,1,0,0,0,1,0,0,0,0,0,0
1600.0,3.0,4.0,1.0,18800000.0,0,1,0,0,0,1,0,0,0,1,1,0
1600.0,3.0,4.0,2.0,27500000.0,1,0,0,0,0,1,0,0,0,1,1,1
1650.0,3.0,3.0,4.0,35000000.0,0,1,0,0,0,1,0,0,0,1,0,1
1650.0,3.0,3.0,1.0,30000000.0,1,0,0,0,0,1,0,0,0,1,1,1
1650.0,3.0,3.0,1.0,22500000.0,1,0,0,0,0,1,0,0,0,1,1,1
1674.0,3.0,3.0,1.0,45000000.0,0,1,0,0,0,1,0,0,0,1,1,1
1675.0,3.0,3.0,2.0,31000000.0,1,0,0,0,0,1,0,0,0,1,0,1
1675.0,4.0,3.0,2.0,13500000.0,0,0,0,0,0,1,0,0,0,1,1,1
1700.0,3.0,3.0,1.0,36500000.0,1,0,0,0,0,1,0,0,0,1,1,0
1700.0,3.0,3.0,2.0,47500000.0,1,0,0,0,0,1,0,0,0,1,0,1
1700.0,3.0,3.0,2.0,38500000.0,1,0,0,0,0,1,0,0,0,1,0,1
1700.0,3.0,3.0,2.0,29000000.0,1,0,0,0,0,1,0,0,0,1,0,1
1700.0,3.0,3.0,2.0,30000000.0,0,1,0,0,0,1,0,0,0,1,0,1
1700.0,3.0,3.0,2.0,19000000.0,0,0,0,0,0,1,0,0,0,1,1,1
1700.0,3.0,3.0,1.0,27500000.0,1,0,0,0,0,1,0,0,0,1,1,1
1700.0,4.0,3.0,2.0,29500000.0,1,0,0,0,0,1,0,0,0,1,1,1
1700.0,3.0,3.0,2.0,30000000.0,1,0,0,0,0,1,0,0,0,1,1,1
1700.0,3.0,3.0,1.0,28000000.0,0,1,0,0,0,1,0,0,0,1,1,1
1700.0,3.0,3.0,2.0,8000000.0,0,1,0,0,0,1,0,0,0,1,1,1
1700.0,3.0,4.0,2.0,45000000.0,0,1,0,0,0,1,0,0,0,1,0,1
1710.0,3.0,3.0,4.0,26000000.0,1,0,0,0,0,1,0,0,0,1,0,1
1710.0,3.0,3.0,4.0,26000000.0,1,0,0,0,0,1,0,0,0,1,0,1
1710.0,3.0,3.0,1.0,30000000.0,1,0,0,0,0,1,0,0,0,1,1,1
1710.0,3.0,3.0,1.0,24800000.0,1,0,0,0,0,1,0,0,0,1,1,1
1750.0,3.0,3.0,1.0,6500000.0,1,0,0,0,0,1,0,0,0,1,0,1
1750.0,3.0,3.0,2.0,35000000.0,0,1,0,0,0,1,0,0,0,1,1,1
1800.0,4.0,2.0,1.0,21500000.0,1,0,0,0,0,1,0,0,0,1,1,0
1800.0,4.0,2.0,1.0,21500000.0,1,0,0,0,0,1,0,0,0,1,1,0
1800.0,3.0,3.0,2.0,20000000.0,0,0,0,0,0,1,0,0,0,1,0,0
1800.0,3.0,3.0,2.0,20000000.0,0,0,0,0,0,1,0,0,0,1,0,0
1800.0,3.0,3.0,2.0,22500000.0,1,0,0,0,0,1,0,0,0,1,1,0
1800.0,3.0,3.0,2.0,22500000.0,1,0,0,0,0,1,0,0,0,1,1,0
1800.0,3.0,3.0,2.0,23000000.0,1,0,0,0,0,1,0,0,0,1,1,0
1800.0,3.0,3.0,1.0,24500000.0,0,1,0,0,0,1,0,0,0,1,1,0
1800.0,3.0,3.0,2.0,35000000.0,1,0,0,0,0,1,0,0,0,0,0,1
1800.0,4.0,3.0,2.0,5500000.0,0,0,0,0,0,1,0,0,0,1,0,1
1800.0,3.0,3.0,2.0,43500000.0,1,0,0,0,0,1,0,0,0,1,0,1
1800.0,3.0,3.0,1.0,28500000.0,0,1,0,0,0,1,0,0,0,1,0,1
1800.0,3.0,3.0,1.0,32500000.0,0,1,0,0,0,1,0,0,0,1,0,1
1800.0,3.0,3.0,2.0,29000000.0,1,0,0,0,0,1,0,0,0,1,1,1
1800.0,3.0,4.0,2.0,63000000.0,1,0,0,0,0,1,0,0,0,0,0,0
1800.0,3.0,4.0,2.0,19000000.0,1,0,0,0,0,1,0,0,0,1,1,0
1800.0,4.0,4.0,1.0,8500000.0,1,0,0,0,0,1,0,0,0,1,0,1
1800.0,4.0,4.0,2.0,40000000.0,1,0,0,0,0,1,0,0,0,1,0,1
1800.0,4.0,4.0,2.0,80000000.0,1,0,0,0,0,1,0,0,0,1,0,1
1800.0,3.0,4.0,2.0,47000000.0,1,0,0,0,0,1,0,0,0,1,0,1
1800.0,4.0,4.0,2.0,65000000.0,1,0,0,0,0,1,0,0,0,1,0,1
1800.0,4.0,4.0,1.0,12500000.0,1,0,0,0,0,1,0,0,0,1,1,1
1800.0,4.0,4.0,1.0,12500000.0,1,0,0,0,0,1,0,0,0,1,1,1
1900.0,3.0,4.0,2.0,28500000.0,1,0,0,0,0,1,0,0,0,1,0,1
1980.0,3.0,4.0,1.0,35000000.0,0,1,0,0,0,1,0,0,0,0,0,0
2000.0,4.0,3.0,1.0,25000000.0,1,0,0,0,0,1,0,0,0,1,1,0
2000.0,3.0,3.0,2.0,37500000.0,0,1,0,0,0,1,0,0,0,1,1,0
2000.0,4.0,4.0,2.0,36000000.0,1,0,0,0,0,1,0,0,0,1,0,1
2000.0,4.0,4.0,3.0,70000000.0,1,0,0,0,0,1,0,0,0,1,0,1
2000.0,4.0,4.0,2.0,38000000.0,1,0,0,0,0,1,0,0,0,1,1,1
2025.0,4.0,3.0,2.0,30500000.0,0,0,0,0,0,1,0,0,0,1,1,1
2050.0,3.0,3.0,2.0,71000000.0,1,0,0,0,0,1,0,0,0,1,0,1
2050.0,4.0,4.0,2.0,52100000.0,1,0,0,0,0,1,0,0,0,1,0,0
2050.0,4.0,4.0,2.0,62500000.0,1,0,0,0,0,1,0,0,0,1,0,1
2050.0,4.0,4.0,1.0,47500000.0,1,0,0,0,0,1,0,0,0,1,0,1
2066.0,4.0,4.0,2.0,60000000.0,0,1,0,0,0,1,0,0,0,0,0,1
2070.0,3.0,3.0,2.0,37500000.0,1,0,0,0,0,1,0,0,0,1,0,1
2097.0,3.0,3.0,0.0,29000000.0,0,1,0,0,0,1,0,0,0,1,1,1
2100.0,4.0,3.0,1.0,25500000.0,0,0,0,0,0,1,0,0,0,1,1,0
2100.0,3.0,4.0,2.0,25000000.0,1,0,0,0,0,1,0,0,0,1,1,1
2100.0,4.0,5.0,1.0,56000000.0,1,0,0,0,0,1,0,0,0,1,0,1
2100.0,4.0,5.0,2.0,56000000.0,1,0,0,0,0,1,0,0,0,1,0,1
2107.0,4.0,4.0,2.0,51100000.0,1,0,0,0,0,1,0,0,0,1,0,0
2150.0,4.0,4.0,2.0,45000000.0,0,1,0,0,0,1,0,0,0,1,0,1
2177.0,4.0,5.0,2.0,51000000.0,1,0,0,0,0,1,0,0,0,1,0,1
2200.0,3.0,3.0,1.0,30000000.0,0,1,0,0,0,1,0,0,0,1,1,1
2200.0,4.0,4.0,2.0,47500000.0,1,0,0,0,0,1,0,0,0,1,0,1
2200.0,4.0,4.0,2.0,47500000.0,1,0,0,0,0,1,0,0,0,1,0,1
2200.0,4.0,4.0,1.0,40000000.0,1,0,0,0,0,1,0,0,0,1,0,1
2200.0,4.0,4.0,2.0,50000000.0,1,0,0,0,0,1,0,0,0,1,1,1
2200.0,4.0,5.0,2.0,65000000.0,1,0,0,0,0,1,0,0,0,1,0,1
2250.0,4.0,4.0,2.0,57500000.0,1,0,0,0,0,1,0,0,0,1,0,1
2250.0,4.0,4.0,3.0,100000000.0,0,1,0,0,0,1,0,0,0,1,0,1
2250.0,4.0,4.0,2.0,33700000.0,1,0,0,0,0,1,0,0,0,1,1,1
2300.0,4.0,4.0,1.0,102500000.0,1,0,0,0,0,1,0,0,0,1,0,1
2316.0,3.0,4.0,1.0,100000000.0,0,0,0,0,0,1,0,0,0,1,1,1
2400.0,4.0,4.0,1.0,70000000.0,1,0,0,0,0,1,0,0,0,1,0,0
2400.0,4.0,4.0,1.0,70000000.0,1,0,0,0,0,1,0,0,0,1,0,0
2400.0,4.0,5.0,1.0,65000000.0,0,1,0,0,0,1,0,0,0,1,1,1
2430.0,4.0,4.0,4.0,30000000.0,0,0,0,0,0,1,0,0,0,1,1,1
2450.0,4.0,4.0,2.0,70000000.0,0,0,0,0,0,1,0,0,0,1,0,1
2475.0,4.0,4.0,1.0,31000000.0,1,0,0,0,0,1,0,0,0,1,1,1
2500.0,3.0,3.0,2.0,50000000.0,1,0,0,0,0,1,0,0,0,1,1,0
2500.0,4.0,5.0,1.0,62500000.0,0,1,0,0,0,1,0,0,0,1,0,1
2520.0,3.0,3.0,0.0,47500000.0,0,1,0,0,0,1,0,0,0,1,0,1
2550.0,4.0,4.0,1.0,60000000.0,0,1,0,0,0,1,0,0,0,1,1,1
2600.0,4.0,4.0,3.0,75000000.0,1,0,0,0,0,1,0,0,0,1,0,1
2600.0,4.0,5.0,3.0,62500000.0,1,0,0,0,0,1,0,0,0,1,0,1
2600.0,4.0,5.0,3.0,52500000.0,1,0,0,0,0,1,0,0,0,1,0,1
2625.0,4.0,5.0,2.0,60000000.0,1,0,0,0,0,1,0,0,0,1,0,1
2650.0,4.0,4.0,2.0,75000000.0,0,1,0,0,0,1,0,0,0,1,0,1
2700.0,4.0,3.0,1.0,60000000.0,1,0,0,0,0,1,0,0,0,1,0,1
2700.0,4.0,3.0,1.0,60000000.0,1,0,0,0,0,1,0,0,0,1,0,1
2700.0,4.0,4.0,2.0,100000000.0,1,0,0,0,0,1,0,0,0,1,0,1
2700.0,4.0,4.0,2.0,52500000.0,1,0,0,0,0,1,0,0,0,1,0,1
2700.0,4.0,4.0,2.0,43500000.0,1,0,0,0,0,1,0,0,0,1,0,1
2700.0,4.0,4.0,2.0,55000000.0,1,0,0,0,0,1,0,0,0,1,1,1
2700.0,4.0,4.0,2.0,36500000.0,0,1,0,0,0,1,0,0,0,1,1,1
2700.0,4.0,4.0,2.0,36500000.0,0,1,0,0,0,1,0,0,0,1,1,1
2750.0,4.0,5.0,2.0,75000000.0,0,1,0,0,0,1,0,0,0,0,0,1
2799.0,4.0,4.0,0.0,65000000.0,1,0,0,0,0,1,0,0,0,1,0,1
2799.0,4.0,4.0,2.0,43000000.0,1,0,0,0,0,1,0,0,0,1,0,1
2800.0,6.0,4.0,2.0,29500000.0,1,0,0,0,0,1,0,0,0,1,1,0
2800.0,4.0,5.0,3.0,70000000.0,1,0,0,0,0,1,0,0,0,1,0,1
2800.0,4.0,5.0,2.0,75000000.0,1,0,0,0,0,1,0,0,0,1,0,1
2880.0,4.0,5.0,1.0,46000000.0,0,1,0,0,0,1,0,0,0,1,0,1
2925.0,4.0,4.0,2.0,57500000.0,0,1,0,0,0,1,0,0,0,1,0,1
2925.0,4.0,4.0,2.0,57500000.0,0,1,0,0,0,1,0,0,0,1,0,1
3000.0,4.0,4.0,2.0,67000000.0,0,1,0,0,0,1,0,0,0,1,0,1
3000.0,4.0,5.0,4.0,74500000.0,1,0,0,0,0,1,0,0,0,1,0,1
3000.0,4.0,5.0,4.0,65000000.0,1,0,0,0,0,1,0,0,0,1,0,1
3000.0,4.0,5.0,3.0,75000000.0,1,0,0,0,0,1,0,0,0,1,0,1
3000.0,4.0,5.0,4.0,75000000.0,1,0,0,0,0,1,0,0,0,1,0,1
3150.0,4.0,4.0,3.0,35000000.0,1,0,0,0,0,1,0,0,0,1,1,1
3500.0,3.0,3.0,1.0,45000000.0,0,1,0,0,0,1,0,0,0,1,1,1
3500.0,4.0,4.0,3.0,85000000.0,1,0,0,0,0,1,0,0,0,1,0,1
3500.0,4.0,4.0,2.0,90000000.0,0,1,0,0,0,1,0,0,0,1,1,1
3500.0,5.0,5.0,1.0,70000000.0,1,0,0,0,0,1,0,0,0,1,0,1
3500.0,4.0,5.0,2.0,58000000.0,1,0,0,0,0,1,0,0,0,1,0,1
3510.0,4.0,4.0,2.0,45000000.0,1,0,0,0,0,1,0,0,0,1,1,1
3600.0,2.0,2.0,1.0,4500000.0,1,0,0,0,0,1,0,0,0,1,0,1
3600.0,4.0,4.0,2.0,65000000.0,1,0,0,0,0,1,0,0,0,0,0,1
3600.0,4.0,4.0,3.0,60000000.0,1,0,0,0,0,1,0,0,0,1,0,1
3690.0,4.0,5.0,3.0,79000000.0,1,0,0,0,0,1,0,0,0,0,0,1
4118.0,4.0,5.0,3.0,55000000.0,0,1,0,0,0,1,0,0,0,1,0,1
4200.0,5.0,5.0,2.0,135500000.0,1,0,0,0,0,1,0,0,0,1,0,1
4300.0,4.0,4.0,2.0,60000000.0,0,1,0,0,0,1,0,0,0,1,1,1
4500.0,4.0,4.0,2.0,70000000.0,1,0,0,0,0,1,0,0,0,1,0,1
4500.0,4.0,4.0,1.0,70000000.0,1,0,0,0,0,1,0,0,0,1,0,1
4500.0,4.0,4.0,2.0,60000000.0,1,0,0,0,0,1,0,0,0,1,0,1
4500.0,4.0,4.0,2.0,75000000.0,1,0,0,0,0,1,0,0,0,1,0,1
4500.0,4.0,4.0,2.0,47500000.0,1,0,0,0,0,1,0,0,0,1,1,1
4500.0,4.0,4.0,2.0,55000000.0,1,0,0,0,0,1,0,0,0,1,1,1
4500.0,4.0,4.0,2.0,70000000.0,1,0,0,0,0,1,0,0,0,1,1,1
4500.0,4.0,4.0,2.0,55000000.0,1,0,0,0,0,1,0,0,0,1,1,1
4500.0,4.0,5.0,2.0,85000000.0,1,0,0,0,0,1,0,0,0,1,0,1
4500.0,4.0,5.0,2.0,72500000.0,1,0,0,0,0,1,0,0,0,1,1,1
4800.0,3.0,4.0,1.0,85000000.0,1,0,0,0,0,1,0,0,0,1,1,1
405.0,1.0,1.0,1.0,5600000.0,0,1,0,0,0,0,1,0,0,1,1,1
500.0,2.0,2.0,1.0,3300000.0,1,0,0,0,0,0,1,0,0,1,0,1
700.0,2.0,2.0,1.0,3800000.0,1,0,0,0,0,0,1,0,0,1,0,1
720.0,2.0,2.0,1.0,5500000.0,0,1,0,0,0,0,1,0,0,0,0,1
720.0,2.0,2.0,2.0,4700000.0,0,1,0,0,0,0,1,0,0,1,1,1
800.0,2.0,2.0,1.0,8000000.0,1,0,0,0,0,0,1,0,0,1,1,1
810.0,2.0,2.0,1.0,14000000.0,1,0,0,0,0,0,1,0,0,1,0,1
900.0,2.0,2.0,2.0,6500000.0,1,0,0,0,0,0,1,0,0,1,1,0
900.0,3.0,2.0,2.0,6600000.0,1,0,0,0,0,0,1,0,0,1,1,0
900.0,2.0,2.0,2.0,15000000.0,0,1,0,0,0,0,1,0,0,1,1,0
900.0,2.0,2.0,1.0,9000000.0,0,0,0,0,0,0,1,0,0,1,1,1
900.0,3.0,3.0,1.0,7000000.0,1,0,0,0,0,0,1,0,0,1,0,1
900.0,3.0,3.0,1.0,6800000.0,1,0,0,0,0,0,1,0,0,1,0,1
950.0,3.0,2.0,1.0,8000000.0,1,0,0,0,0,0,1,0,0,1,0,0
950.0,2.0,2.0,2.0,12900000.0,0,0,0,0,0,0,1,0,0,1,1,0
950.0,2.0,2.0,2.0,13200000.0,0,0,0,0,0,0,1,0,0,1,1,0
950.0,2.0,2.0,2.0,12700000.0,0,0,0,0,0,0,1,0,0,1,1,0
950.0,2.0,2.0,2.0,11100000.0,0,0,0,0,0,0,1,0,0,1,1,0
1000.0,2.0,2.0,2.0,13000000.0,0,0,0,0,0,0,1,0,0,1,1,0
1000.0,2.0,2.0,1.0,18000000.0,1,0,0,0,0,0,1,0,0,1,1,1
1000.0,3.0,3.0,2.0,8600000.0,1,0,0,0,0,0,1,0,0,1,0,0
1000.0,2.0,3.0,1.0,11000000.0,1,0,0,0,0,0,1,0,0,1,1,0
1050.0,2.0,2.0,2.0,12700000.0,0,0,0,0,0,0,1,0,0,1,1,0
1050.0,2.0,2.0,1.0,9000000.0,0,1,0,0,0,0,1,0,0,1,1,0
1070.0,3.0,2.0,1.0,6800000.0,0,0,0,0,0,0,1,0,0,1,1,0
1150.0,2.0,2.0,2.0,13100000.0,0,0,0,0,0,0,1,0,0,1,1,0
1150.0,2.0,2.0,2.0,13600000.0,0,0,0,0,0,0,1,0,0,1,1,0
1150.0,2.0,2.0,2.0,12500000.0,0,0,0,0,0,0,1,0,0,1,1,0
1150.0,2.0,2.0,2.0,10800000.0,1,0,0,0,0,0,1,0,0,1,1,0
1150.0,2.0,2.0,1.0,13500000.0,0,1,0,0,0,0,1,0,0,1,1,0
1150.0,2.0,3.0,2.0,16100000.0,1,0,0,0,0,0,1,0,0,1,1,0
1200.0,3.0,2.0,2.0,13500000.0,0,0,0,0,0,0,1,0,0,1,1,0
1200.0,2.0,2.0,2.0,18500000.0,0,0,0,0,0,0,1,0,0,1,1,0
1200.0,2.0,2.0,1.0,16000000.0,0,1,0,0,0,0,1,0,0,1,1,0
1200.0,3.0,3.0,2.0,13500000.0,0,0,0,0,0,0,1,0,0,1,1,0
1200.0,10.0,4.0,2.0,17000000.0,1,0,0,0,0,0,1,0,0,1,1,0
1250.0,3.0,2.0,2.0,16000000.0,1,0,0,0,0,0,1,0,0,1,1,0
1260.0,3.0,3.0,2.0,16500000.0,1,0,0,0,0,0,1,0,0,1,1,1
1300.0,3.0,2.0,2.0,17000000.0,1,0,0,0,0,0,1,0,0,1,1,0
1300.0,3.0,3.0,2.0,21000000.0,1,0,0,0,0,0,1,0,0,1,1,1
1350.0,3.0,2.0,1.0,17500000.0,1,0,0,0,0,0,1,0,0,1,1,1
1350.0,3.0,3.0,2.0,14000000.0,1,0,0,0,0,0,1,0,0,1,1,0
1400.0,4.0,2.0,2.0,17800000.0,0,0,0,0,0,0,1,0,0,1,1,0
1400.0,4.0,2.0,2.0,17400000.0,0,0,0,0,0,0,1,0,0,1,1,0
1485.0,3.0,3.0,1.0,30000000.0,0,1,0,0,0,0,1,0,0,1,1,0
1500.0,4.0,2.0,2.0,17800000.0,0,0,0,0,0,0,1,0,0,1,1,0
1500.0,3.0,2.0,2.0,13600000.0,0,0,0,0,0,0,1,0,0,1,1,0
1500.0,3.0,2.0,1.0,14000000.0,0,1,0,0,0,0,1,0,0,1,1,0
1500.0,3.0,2.0,1.0,13500000.0,1,0,0,0,0,0,1,0,0,1,1,1
1500.0,3.0,3.0,2.0,17000000.0,0,0,0,0,0,0,1,0,0,1,1,0
1550.0,4.0,2.0,2.0,17500000.0,0,0,0,0,0,0,1,0,0,1,1,0
1550.0,4.0,2.0,2.0,16200000.0,0,0,0,0,0,0,1,0,0,1,1,0
1550.0,3.0,3.0,2.0,27500000.0,0,1,0,0,0,0,1,0,0,1,1,1
1600.0,4.0,2.0,2.0,15800000.0,1,0,0,0,0,0,1,0,0,1,1,0
1600.0,4.0,2.0,1.0,15500000.0,1,0,0,0,0,0,1,0,0,1,1,0
1600.0,3.0,3.0,2.0,26000000.0,1,0,0,0,0,0,1,0,0,1,1,1
1800.0,2.0,2.0,1.0,21000000.0,0,0,0,0,0,0,1,0,0,1,1,1
1800.0,3.0,3.0,2.0,14000000.0,1,0,0,0,0,0,1,0,0,1,1,1
1800.0,3.0,3.0,1.0,26000000.0,1,0,0,0,0,0,1,0,0,1,1,1
630.0,2.0,3.0,1.0,8200000.0,0,0,0,0,0,0,0,1,0,1,0,1
100.0,3.0,2.0,2.0,16000000.0,1,0,0,0,0,0,0,1,0,1,1,0
140.0,3.0,2.0,1.0,12000000.0,0,1,0,0,0,0,0,1,0,1,0,1
195.0,3.0,3.0,1.0,28000000.0,1,0,0,0,0,0,0,1,0,0,0,1
200.0,1.0,1.0,1.0,7000000.0,1,0,0,0,0,0,0,1,0,1,1,0
270.0,1.0,1.0,2.0,1700000.0,0,1,0,0,0,0,0,1,0,1,1,1
360.0,1.0,1.0,1.0,1700000.0,1,0,0,0,0,0,0,1,0,1,0,1
360.0,1.0,1.0,1.0,2000000.0,1,0,0,0,0,0,0,1,0,1,0,1
378.0,1.0,1.0,1.0,3200000.0,0,1,0,0,0,0,0,1,0,1,1,0
405.0,1.0,1.0,1.0,4500000.0,1,0,0,0,0,0,0,1,0,1,1,0
405.0,2.0,1.0,1.0,3950000.0,1,0,0,0,0,0,0,1,0,1,1,0
450.0,2.0,1.0,1.0,1850000.0,1,0,0,0,0,0,0,1,0,1,0,1
450.0,2.0,2.0,1.0,5000000.0,1,0,0,0,0,0,0,1,0,1,1,1
464.0,3.0,1.0,1.0,4200000.0,0,1,0,0,0,0,0,1,0,1,1,1
495.0,2.0,2.0,1.0,2150000.0,1,0,0,0,0,0,0,1,0,1,0,1
540.0,2.0,2.0,1.0,3300000.0,1,0,0,0,0,0,0,1,0,1,0,0
540.0,2.0,2.0,1.0,3300000.0,1,0,0,0,0,0,0,1,0,1,0,0
540.0,2.0,2.0,1.0,3300000.0,1,0,0,0,0,0,0,1,0,1,0,0
540.0,2.0,2.0,1.0,2650000.0,1,0,0,0,0,0,0,1,0,1,0,1
540.0,2.0,2.0,1.0,2500000.0,1,0,0,0,0,0,0,1,0,1,0,1
540.0,2.0,2.0,1.0,2600000.0,1,0,0,0,0,0,0,1,0,1,0,1
550.0,2.0,1.0,1.0,2000000.0,1,0,0,0,0,0,0,1,0,1,0,1
550.0,2.0,2.0,1.0,2600000.0,1,0,0,0,0,0,0,1,0,1,0,1
550.0,2.0,2.0,1.0,1900000.0,1,0,0,0,0,0,0,1,0,1,0,1
585.0,2.0,2.0,2.0,7000000.0,0,1,0,0,0,0,0,1,0,1,1,0
585.0,2.0,2.0,1.0,3200000.0,0,1,0,0,0,0,0,1,0,1,1,1
594.0,2.0,1.0,1.0,6500000.0,1,0,0,0,0,0,0,1,0,1,1,0
620.0,2.0,2.0,1.0,3100000.0,1,0,0,0,0,0,0,1,0,1,0,1
675.0,2.0,1.0,1.0,2900000.0,0,1,0,0,0,0,0,1,0,1,1,1
702.0,3.0,2.0,2.0,14200000.0,1,0,0,0,0,0,0,1,0,1,1,0
780.0,3.0,2.0,1.0,4000000.0,1,0,0,0,0,0,0,1,0,1,0,1
780.0,2.0,2.0,1.0,8770000.0,0,1,0,0,0,0,0,1,0,1,1,1
800.0,2.0,2.0,2.0,7500000.0,1,0,0,0,0,0,0,1,0,1,1,0
800.0,3.0,2.0,1.0,6300000.0,0,1,0,0,0,0,0,1,0,1,1,0
800.0,3.0,2.0,1.0,12000000.0,0,1,0,0,0,0,0,1,0,1,1,1
800.0,3.0,2.0,1.0,8000000.0,0,1,0,0,0,0,0,1,0,1,1,1
805.0,2.0,2.0,1.0,4000000.0,0,1,0,0,0,0,0,1,0,1,1,1
807.0,2.0,1.0,1.0,8000000.0,1,0,0,0,0,0,0,1,0,1,1,1
807.0,2.0,2.0,1.0,8600000.0,0,1,0,0,0,0,0,1,0,1,1,0
810.0,3.0,2.0,1.0,5400000.0,1,0,0,0,0,0,0,1,0,1,1,1
820.0,2.0,3.0,1.0,7500000.0,0,1,0,0,0,0,0,1,0,1,1,0
850.0,3.0,3.0,1.0,5700000.0,0,1,0,0,0,0,0,1,0,1,1,0
850.0,2.0,3.0,1.0,5900000.0,1,0,0,0,0,0,0,1,0,1,1,1
861.0,2.0,2.0,2.0,5000000.0,0,0,0,0,0,0,0,1,0,1,1,1
900.0,2.0,2.0,1.0,6700000.0,1,0,0,0,0,0,0,1,0,1,1,0
900.0,2.0,2.0,3.0,7400000.0,0,0,0,0,0,0,0,1,0,1,1,1
900.0,3.0,2.0,2.0,10400000.0,0,0,0,0,0,0,0,1,0,1,1,1
900.0,2.0,2.0,1.0,15000000.0,1,0,0,0,0,0,0,1,0,1,1,1
900.0,3.0,2.0,1.0,9500000.0,1,0,0,0,0,0,0,1,0,1,1,1
900.0,3.0,2.0,1.0,8000000.0,0,1,0,0,0,0,0,1,0,1,1,1
900.0,2.0,2.0,1.0,12500000.0,0,1,0,0,0,0,0,1,0,1,1,1
900.0,3.0,2.0,1.0,12000000.0,0,1,0,0,0,0,0,1,0,1,1,1
900.0,2.0,3.0,1.0,8500000.0,1,0,0,0,0,0,0,1,0,1,1,0
950.0,3.0,2.0,1.0,4370000.0,0,0,0,0,0,0,0,1,0,1,0,0
950.0,3.0,2.0,1.0,4370000.0,0,0,0,0,0,0,0,1,0,1,0,0
950.0,3.0,2.0,1.0,4370000.0,0,0,0,0,0,0,0,1,0,1,0,0
950.0,2.0,2.0,2.0,8000000.0,1,0,0,0,0,0,0,1,0,1,1,1
954.0,2.0,2.0,1.0,10000000.0,0,1,0,0,0,0,0,1,0,1,1,1
960.0,2.0,2.0,2.0,13000000.0,1,0,0,0,0,0,0,1,0,1,1,0
990.0,3.0,2.0,2.0,25000000.0,0,1,0,0,0,0,0,1,0,1,1,0
1000.0,2.0,2.0,1.0,7800000.0,1,0,0,0,0,0,0,1,0,1,1,0
1000.0,3.0,2.0,1.0,5510000.0,1,0,0,0,0,0,0,1,0,0,0,1
1000.0,3.0,2.0,1.0,5510000.0,1,0,0,0,0,0,0,1,0,0,0,1
1000.0,3.0,2.0,1.0,5510000.0,1,0,0,0,0,0,0,1,0,0,0,1
1000.0,3.0,2.0,1.0,6200000.0,1,0,0,0,0,0,0,1,0,1,0,1
1078.0,3.0,2.0,1.0,15500000.0,0,1,0,0,0,0,0,1,0,1,0,1
1100.0,3.0,2.0,2.0,13100000.0,1,0,0,0,0,0,0,1,0,1,1,0
1100.0,3.0,2.0,1.0,16000000.0,1,0,0,0,0,0,0,1,0,1,1,0
1138.0,2.0,2.0,2.0,13500000.0,1,0,0,0,0,0,0,1,0,1,0,0
1150.0,3.0,3.0,1.0,21000000.0,1,0,0,0,0,0,0,1,0,1,1,1
1155.0,2.0,2.0,1.0,18500000.0,1,0,0,0,0,0,0,1,0,1,1,1
1240.0,3.0,3.0,1.0,18000000.0,0,1,0,0,0,0,0,1,0,1,1,0
1250.0,2.0,2.0,2.0,15000000.0,0,0,0,0,0,0,0,1,0,1,1,0
1250.0,3.0,2.0,1.0,16000000.0,1,0,0,0,0,0,0,1,0,1,1,0
1260.0,3.0,3.0,1.0,25000000.0,1,0,0,0,0,0,0,1,0,1,1,0
1350.0,3.0,2.0,1.0,18500000.0,0,1,0,0,0,0,0,1,0,1,1,0
1350.0,3.0,3.0,1.0,23500000.0,0,1,0,0,0,0,0,1,0,1,1,0
1350.0,3.0,3.0,1.0,15000000.0,1,0,0,0,0,0,0,1,0,1,1,1
1400.0,3.0,2.0,2.0,17500000.0,1,0,0,0,0,0,0,1,0,1,1,0
1429.0,3.0,3.0,2.0,17500000.0,0,1,0,0,0,0,0,1,0,1,1,0
1440.0,3.0,3.0,2.0,24500000.0,0,1,0,0,0,0,0,1,0,1,1,1
1450.0,3.0,3.0,2.0,15500000.0,1,0,0,0,0,0,0,1,0,1,0,0
1450.0,3.0,3.0,2.0,15000000.0,1,0,0,0,0,0,0,1,0,1,0,0
1450.0,3.0,3.0,2.0,32500000.0,1,0,0,0,0,0,0,1,0,1,1,1
1457.0,3.0,3.0,1.0,23000000.0,0,1,0,0,0,0,0,1,0,1,1,0
1470.0,3.0,2.0,2.0,14200000.0,1,0,0,0,0,0,0,1,0,1,0,0
1500.0,3.0,2.0,2.0,18000000.0,1,0,0,0,0,0,0,1,0,1,1,0
1500.0,3.0,3.0,2.0,19500000.0,1,0,0,0,0,0,0,1,0,1,1,1
1500.0,3.0,3.0,1.0,12500000.0,0,1,0,0,0,0,0,1,0,1,1,1
1530.0,3.0,3.0,2.0,26500000.0,1,0,0,0,0,0,0,1,0,1,1,1
1550.0,3.0,2.0,3.0,19500000.0,0,1,0,0,0,0,0,1,0,1,1,0
1580.0,3.0,2.0,1.0,21000000.0,0,0,0,0,0,0,0,1,0,1,1,0
1590.0,3.0,2.0,2.0,25000000.0,0,1,0,0,0,0,0,1,0,1,0,0
1620.0,3.0,3.0,1.0,24500000.0,0,0,0,0,0,0,0,1,0,1,0,1
1620.0,3.0,3.0,1.0,29000000.0,1,0,0,0,0,0,0,1,0,1,0,1
1620.0,3.0,3.0,0.0,26000000.0,1,0,0,0,0,0,0,1,0,1,0,1
1640.0,3.0,3.0,1.0,12000000.0,0,1,0,0,0,0,0,1,0,1,1,0
1646.0,3.0,3.0,1.0,20000000.0,0,1,0,0,0,0,0,1,0,1,1,0
1680.0,4.0,5.0,1.0,20000000.0,1,0,0,0,0,0,0,1,0,1,1,1
1700.0,3.0,3.0,2.0,23000000.0,1,0,0,0,0,0,0,1,0,1,1,1
1710.0,3.0,3.0,1.0,22000000.0,0,1,0,0,0,0,0,1,0,1,1,1
1753.0,3.0,3.0,1.0,19000000.0,0,1,0,0,0,0,0,1,0,1,1,0
1782.0,3.0,3.0,1.0,15000000.0,1,0,0,0,0,0,0,1,0,1,1,0
1800.0,3.0,2.0,1.0,26500000.0,0,1,0,0,0,0,0,1,0,1,1,1
1800.0,3.0,3.0,3.0,50000000.0,0,0,0,0,0,0,0,1,0,1,1,0
1800.0,3.0,3.0,1.0,24000000.0,0,1,0,0,0,0,0,1,0,1,1,0
1800.0,3.0,3.0,2.0,27500000.0,1,0,0,0,0,0,0,1,0,1,0,1
1800.0,3.0,3.0,1.0,27500000.0,0,0,0,0,0,0,0,1,0,1,1,1
1800.0,3.0,3.0,2.0,27000000.0,1,0,0,0,0,0,0,1,0,1,1,1
1800.0,4.0,3.0,2.0,23100000.0,0,1,0,0,0,0,0,1,0,1,1,1
1800.0,3.0,3.0,3.0,21100000.0,0,1,0,0,0,0,0,1,0,1,1,1
1800.0,4.0,4.0,2.0,45500000.0,0,1,0,0,0,0,0,1,0,0,0,1
1818.0,3.0,3.0,1.0,22000000.0,0,1,0,0,0,0,0,1,0,1,1,1
1900.0,3.0,3.0,1.0,55300000.0,1,0,0,0,0,0,0,1,0,0,0,0
2000.0,3.0,3.0,1.0,37500000.0,1,0,0,0,0,0,0,1,0,1,1,0
2000.0,4.0,4.0,3.0,15000000.0,1,0,0,0,0,0,0,1,0,1,1,1
2100.0,3.0,3.0,1.0,25000000.0,1,0,0,0,0,0,0,1,0,1,1,1
2153.0,3.0,3.0,2.0,30000000.0,0,0,0,0,0,0,0,1,0,1,0,1
2175.0,4.0,4.0,1.0,44000000.0,0,1,0,0,0,0,0,1,0,1,1,0
2250.0,3.0,3.0,2.0,20500000.0,1,0,0,0,0,0,0,1,0,1,1,0
2250.0,4.0,4.0,2.0,50000000.0,1,0,0,0,0,0,0,1,0,1,0,1
2250.0,4.0,4.0,2.0,37500000.0,0,1,0,0,0,0,0,1,0,1,0,1
2282.0,4.0,5.0,2.0,37500000.0,0,1,0,0,0,0,0,1,0,1,1,0
2282.0,4.0,5.0,2.0,38000000.0,0,1,0,0,0,0,0,1,0,1,1,0
2300.0,4.0,5.0,3.0,46500000.0,1,0,0,0,0,0,0,1,0,1,0,0
2306.0,3.0,3.0,1.0,57000000.0,0,1,0,0,0,0,0,1,0,0,0,0
2306.0,3.0,3.0,1.0,57000000.0,0,1,0,0,0,0,0,1,0,0,0,0
2306.0,3.0,3.0,1.0,57000000.0,0,1,0,0,0,0,0,1,0,0,0,0
2340.0,4.0,4.0,1.0,26000000.0,1,0,0,0,0,0,0,1,0,1,1,1
2430.0,4.0,5.0,2.0,42500000.0,1,0,0,0,0,0,0,1,0,1,1,0
2445.0,4.0,4.0,1.0,52500000.0,1,0,0,0,0,0,0,1,0,1,1,0
2500.0,4.0,4.0,2.0,80000000.0,1,0,0,0,0,0,0,1,0,1,0,1
2572.0,3.0,3.0,4.0,35000000.0,0,0,0,0,0,0,0,1,0,1,1,0
2592.0,4.0,3.0,2.0,42500000.0,0,1,0,0,0,0,0,1,0,1,1,1
2659.0,4.0,5.0,3.0,43500000.0,0,1,0,0,0,0,0,1,0,1,1,0
2700.0,4.0,3.0,1.0,42500000.0,1,0,0,0,0,0,0,1,0,1,1,1
2800.0,4.0,4.0,2.0,40000000.0,0,1,0,0,0,0,0,1,0,1,1,0
2800.0,4.0,5.0,2.0,42500000.0,1,0,0,0,0,0,0,1,0,1,1,0
3002.0,4.0,5.0,2.0,50000000.0,1,0,0,0,0,0,0,1,0,1,1,0
3500.0,4.0,4.0,3.0,75100000.0,0,0,0,0,0,0,0,1,0,1,0,1
3901.0,4.0,4.0,1.0,93000000.0,0,1,0,0,0,0,0,1,0,0,0,0
3901.0,4.0,4.0,1.0,93000000.0,0,1,0,0,0,0,0,1,0,0,0,0
3901.0,4.0,4.0,1.0,93000000.0,0,1,0,0,0,0,0,1,0,0,0,0
4455.0,5.0,5.0,1.0,115000000.0,1,0,0,0,0,0,0,1,0,0,0,1
4688.0,5.0,4.0,1.0,135000000.0,0,1,0,0,0,0,0,1,0,0,0,0
4688.0,5.0,4.0,1.0,135000000.0,0,1,0,0,0,0,0,1,0,0,0,0
4688.0,5.0,4.0,1.0,135000000.0,0,1,0,0,0,0,0,1,0,0,0,0
450.0,1.0,1.0,1.0,1500000.0,0,1,0,0,0,0,0,0,1,1,1,1
150.0,2.0,1.0,1.0,2000000.0,1,0,0,0,0,0,0,0,1,1,1,0
360.0,1.0,1.0,1.0,1500000.0,1,0,0,0,0,0,0,0,1,1,1,1
400.0,1.0,1.0,1.0,1850000.0,1,0,0,0,0,0,0,0,1,1,0,1
445.0,1.0,2.0,1.0,1650000.0,1,0,0,0,0,0,0,0,1,1,1,0
450.0,1.0,1.0,1.0,2350000.0,1,0,0,0,0,0,0,0,1,1,1,0
450.0,1.0,1.0,1.0,2000000.0,0,1,0,0,0,0,0,0,1,1,0,1
450.0,2.0,2.0,1.0,2900000.0,0,1,0,0,0,0,0,0,1,1,1,1
500.0,1.0,1.0,1.0,2350000.0,0,0,0,0,0,0,0,0,1,1,1,1
500.0,2.0,2.0,1.0,3200000.0,1,0,0,0,0,0,0,0,1,1,0,1
540.0,1.0,1.0,1.0,2350000.0,0,1,0,0,0,0,0,0,1,1,1,0
540.0,1.0,1.0,1.0,3000000.0,0,1,0,0,0,0,0,0,1,1,1,1
540.0,2.0,2.0,1.0,3000000.0,1,0,0,0,0,0,0,0,1,1,0,0
540.0,2.0,2.0,1.0,3000000.0,1,0,0,0,0,0,0,0,1,1,0,0
540.0,2.0,2.0,1.0,3000000.0,1,0,0,0,0,0,0,0,1,1,0,0
550.0,1.0,2.0,1.0,7500000.0,0,0,0,0,0,0,0,0,1,1,1,0
600.0,1.0,1.0,1.0,8000000.0,1,0,0,0,0,0,0,0,1,1,0,0
600.0,1.0,2.0,2.0,7000000.0,0,1,0,0,0,0,0,0,1,1,0,0
600.0,2.0,2.0,1.0,4500000.0,0,1,0,0,0,0,0,0,1,1,1,0
600.0,2.0,2.0,1.0,4700000.0,1,0,0,0,0,0,0,0,1,1,1,1
650.0,1.0,2.0,1.0,7400000.0,1,0,0,0,0,0,0,0,1,1,1,0
680.0,3.0,2.0,1.0,3400000.0,1,0,0,0,0,0,0,0,1,1,0,1
700.0,2.0,1.0,1.0,2400000.0,1,0,0,0,0,0,0,0,1,0,0,0
700.0,2.0,2.0,1.0,3500000.0,1,0,0,0,0,0,0,0,1,1,1,1
700.0,2.0,2.0,1.0,2600000.0,1,0,0,0,0,0,0,0,1,1,1,1
700.0,2.0,2.0,1.0,15000000.0,0,1,0,0,0,0,0,0,1,1,1,1
750.0,1.0,1.0,2.0,4600000.0,0,0,0,0,0,0,0,0,1,1,1,0
750.0,2.0,2.0,1.0,4500000.0,1,0,0,0,0,0,0,0,1,0,1,1
750.0,2.0,2.0,1.0,4000000.0,0,1,0,0,0,0,0,0,1,1,1,1
765.0,3.0,2.0,1.0,3800000.0,1,0,0,0,0,0,0,0,1,1,1,1
765.0,3.0,2.0,1.0,3700000.0,0,1,0,0,0,0,0,0,1,1,1,1
800.0,2.0,2.0,1.0,5000000.0,1,0,0,0,0,0,0,0,1,0,1,1
810.0,2.0,2.0,1.0,8500000.0,1,0,0,0,0,0,0,0,1,1,1,1
850.0,2.0,1.0,2.0,1900000.0,1,0,0,0,0,0,0,0,1,1,0,0
850.0,2.0,1.0,1.0,1900000.0,1,0,0,0,0,0,0,0,1,1,0,0
850.0,2.0,1.0,1.0,1900000.0,1,0,0,0,0,0,0,0,1,1,0,0
880.0,3.0,2.0,1.0,11000000.0,0,1,0,0,0,0,0,0,1,1,1,1
900.0,3.0,2.0,1.0,9000000.0,1,0,0,0,0,0,0,0,1,1,0,1
900.0,3.0,2.0,1.0,2800000.0,1,0,0,0,0,0,0,0,1,1,0,1
900.0,2.0,2.0,1.0,3100000.0,1,0,0,0,0,0,0,0,1,1,1,1
900.0,3.0,2.0,1.0,9000000.0,1,0,0,0,0,0,0,0,1,1,1,1
900.0,3.0,3.0,1.0,12500000.0,1,0,0,0,0,0,0,0,1,1,0,1
900.0,3.0,3.0,2.0,20000000.0,0,0,0,0,0,0,0,0,1,1,1,1
972.0,2.0,2.0,1.0,17000000.0,1,0,0,0,0,0,0,0,1,1,1,0
1000.0,3.0,2.0,1.0,4620000.0,0,1,0,0,0,0,0,0,1,1,0,0
1000.0,3.0,2.0,1.0,4620000.0,0,1,0,0,0,0,0,0,1,1,0,0
1000.0,3.0,2.0,1.0,4620000.0,0,1,0,0,0,0,0,0,1,1,0,0
1000.0,2.0,2.0,1.0,10700000.0,1,0,0,0,0,0,0,0,1,1,1,0
1000.0,2.0,2.0,1.0,17500000.0,0,1,0,0,0,0,0,0,1,1,1,0
1000.0,3.0,2.0,1.0,7000000.0,1,0,0,0,0,0,0,0,1,1,0,1
1000.0,3.0,2.0,1.0,10000000.0,0,1,0,0,0,0,0,0,1,1,0,1
1000.0,2.0,2.0,1.0,5000000.0,0,0,0,0,0,0,0,0,1,1,1,1
1000.0,3.0,3.0,1.0,5500000.0,1,0,0,0,0,0,0,0,1,1,0,0
1000.0,3.0,3.0,1.0,5500000.0,1,0,0,0,0,0,0,0,1,1,0,0
1001.0,3.0,2.0,1.0,5800000.0,0,0,0,0,0,0,0,0,1,1,0,1
1050.0,3.0,2.0,1.0,3700000.0,0,1,0,0,0,0,0,0,1,1,0,0
1050.0,3.0,2.0,1.0,3700000.0,0,1,0,0,0,0,0,0,1,1,0,0
1050.0,3.0,2.0,1.0,3700000.0,0,1,0,0,0,0,0,0,1,1,0,0
1050.0,2.0,2.0,1.0,10500000.0,0,1,0,0,0,0,0,0,1,1,1,0
1075.0,2.0,2.0,2.0,12000000.0,1,0,0,0,0,0,0,0,1,1,0,0
1100.0,3.0,2.0,1.0,6000000.0,0,0,0,0,0,0,0,0,1,1,1,0
1100.0,2.0,2.0,1.0,15000000.0,1,0,0,0,0,0,0,0,1,1,1,0
1100.0,2.0,2.0,1.0,15000000.0,1,0,0,0,0,0,0,0,1,1,1,0
1100.0,2.0,2.0,3.0,16500000.0,1,0,0,0,0,0,0,0,1,1,1,0
1100.0,2.0,2.0,1.0,15000000.0,1,0,0,0,0,0,0,0,1,1,1,0
1100.0,2.0,2.0,2.0,24000000.0,1,0,0,0,0,0,0,0,1,1,1,0
1100.0,2.0,2.0,1.0,15500000.0,0,1,0,0,0,0,0,0,1,1,1,0
1100.0,2.0,2.0,1.0,16300000.0,0,1,0,0,0,0,0,0,1,1,1,0
1100.0,3.0,2.0,1.0,6000000.0,1,0,0,0,0,0,0,0,1,1,1,1
1100.0,2.0,2.0,1.0,2800000.0,1,0,0,0,0,0,0,0,1,1,1,1
1100.0,3.0,3.0,1.0,25000000.0,0,1,0,0,0,0,0,0,1,1,1,1
1150.0,3.0,2.0,1.0,6800000.0,1,0,0,0,0,0,0,0,1,1,0,1
1150.0,3.0,2.0,1.0,6300000.0,1,0,0,0,0,0,0,0,1,1,1,1
1184.0,2.0,2.0,1.0,17000000.0,1,0,0,0,0,0,0,0,1,1,1,0
1200.0,3.0,2.0,1.0,20000000.0,1,0,0,0,0,0,0,0,1,1,1,0
1200.0,2.0,2.0,1.0,10000000.0,1,0,0,0,0,0,0,0,1,1,1,0
1200.0,3.0,2.0,2.0,25000000.0,1,0,0,0,0,0,0,0,1,1,1,0
1200.0,2.0,2.0,1.0,13000000.0,1,0,0,0,0,0,0,0,1,1,1,0
1200.0,3.0,3.0,1.0,15500000.0,1,0,0,0,0,0,0,0,1,1,1,0
1200.0,3.0,3.0,1.0,15500000.0,1,0,0,0,0,0,0,0,1,1,1,0
1200.0,3.0,3.0,1.0,15500000.0,1,0,0,0,0,0,0,0,1,1,1,0
1200.0,4.0,3.0,1.0,6800000.0,1,0,0,0,0,0,0,0,1,1,0,1
1214.0,2.0,2.0,1.0,12600000.0,0,0,0,0,0,0,0,0,1,1,1,0
1300.0,3.0,3.0,1.0,21900000.0,1,0,0,0,0,0,0,0,1,1,1,0
1300.0,3.0,3.0,1.0,32500000.0,1,0,0,0,0,0,0,0,1,1,0,1
1350.0,3.0,2.0,1.0,24000000.0,0,0,0,0,0,0,0,0,1,1,0,0
1350.0,3.0,2.0,1.0,5130000.0,0,1,0,0,0,0,0,0,1,1,0,0
1350.0,3.0,2.0,1.0,5130000.0,0,1,0,0,0,0,0,0,1,1,0,0
1350.0,3.0,2.0,1.0,5130000.0,0,1,0,0,0,0,0,0,1,1,0,0
1350.0,3.0,3.0,1.0,8500000.0,1,0,0,0,0,0,0,0,1,1,1,0
1380.0,3.0,2.0,1.0,15000000.0,1,0,0,0,0,0,0,0,1,1,1,0
1387.0,4.0,4.0,1.0,5890000.0,0,1,0,0,0,0,0,0,1,1,0,0
1387.0,4.0,4.0,1.0,5890000.0,0,1,0,0,0,0,0,0,1,1,0,0
1387.0,4.0,4.0,1.0,5890000.0,0,1,0,0,0,0,0,0,1,1,0,0
1400.0,3.0,2.0,2.0,25000000.0,1,0,0,0,0,0,0,0,1,1,0,0
1400.0,3.0,2.0,1.0,15000000.0,0,0,0,0,0,0,0,0,1,1,1,0
1400.0,3.0,2.0,1.0,11400000.0,0,1,0,0,0,0,0,0,1,1,1,0
1400.0,3.0,3.0,1.0,13500000.0,1,0,0,0,0,0,0,0,1,1,1,0
1450.0,3.0,2.0,2.0,23500000.0,1,0,0,0,0,0,0,0,1,1,1,0
1450.0,3.0,3.0,1.0,37500000.0,1,0,0,0,0,0,0,0,1,1,1,1
1470.0,3.0,2.0,1.0,14500000.0,1,0,0,0,0,0,0,0,1,1,1,0
1480.0,3.0,2.0,1.0,15800000.0,0,0,0,0,0,0,0,0,1,1,1,0
1500.0,3.0,2.0,1.0,16200000.0,0,0,0,0,0,0,0,0,1,1,1,0
1500.0,3.0,2.0,1.0,14900000.0,1,0,0,0,0,0,0,0,1,1,1,0
1500.0,3.0,2.0,1.0,17400000.0,0,1,0,0,0,0,0,0,1,1,1,0
1500.0,3.0,2.0,1.0,17400000.0,0,1,0,0,0,0,0,0,1,1,1,0
1500.0,3.0,2.0,1.0,17400000.0,0,1,0,0,0,0,0,0,1,1,1,0
1500.0,3.0,3.0,1.0,14000000.0,1,0,0,0,0,0,0,0,1,1,1,0
1500.0,3.0,3.0,2.0,16000000.0,1,0,0,0,0,0,0,0,1,1,1,0
1500.0,3.0,3.0,4.0,37500000.0,1,0,0,0,0,0,0,0,1,1,0,1
1525.0,3.0,3.0,1.0,14200000.0,1,0,0,0,0,0,0,0,1,1,1,0
1540.0,3.0,3.0,1.0,14500000.0,1,0,0,0,0,0,0,0,1,1,1,0
1540.0,3.0,3.0,1.0,14500000.0,1,0,0,0,0,0,0,0,1,1,1,0
1550.0,3.0,2.0,2.0,14200000.0,0,0,0,0,0,0,0,0,1,1,1,0
1550.0,3.0,2.0,1.0,13200000.0,1,0,0,0,0,0,0,0,1,1,1,0
1550.0,3.0,2.0,1.0,15800000.0,1,0,0,0,0,0,0,0,1,1,1,0
1550.0,3.0,3.0,1.0,38000000.0,1,0,0,0,0,0,0,0,1,1,0,1
1560.0,3.0,2.0,2.0,15800000.0,0,0,0,0,0,0,0,0,1,1,1,0
1585.0,3.0,3.0,1.0,16600000.0,1,0,0,0,0,0,0,0,1,1,1,0
1600.0,4.0,2.0,1.0,19500000.0,0,0,0,0,0,0,0,0,1,1,1,0
1600.0,3.0,2.0,2.0,18500000.0,1,0,0,0,0,0,0,0,1,1,1,0
1600.0,3.0,2.0,1.0,25000000.0,1,0,0,0,0,0,0,0,1,1,1,0
1600.0,3.0,2.0,1.0,15800000.0,1,0,0,0,0,0,0,0,1,1,1,0
1600.0,3.0,2.0,1.0,23000000.0,0,1,0,0,0,0,0,0,1,1,1,0
1600.0,3.0,3.0,1.0,15600000.0,1,0,0,0,0,0,0,0,1,1,1,0
1600.0,3.0,3.0,1.0,15600000.0,1,0,0,0,0,0,0,0,1,1,1,0
1600.0,3.0,3.0,1.0,15200000.0,1,0,0,0,0,0,0,0,1,1,1,0
1600.0,4.0,3.0,2.0,23500000.0,0,1,0,0,0,0,0,0,1,1,1,0
1600.0,3.0,3.0,1.0,16200000.0,0,1,0,0,0,0,0,0,1,1,1,0
1600.0,3.0,3.0,2.0,22500000.0,1,0,0,0,0,0,0,0,1,1,1,1
1600.0,3.0,3.0,1.0,10800000.0,0,1,0,0,0,0,0,0,1,1,1,1
1600.0,3.0,3.0,1.0,10800000.0,0,1,0,0,0,0,0,0,1,1,1,1
1620.0,3.0,2.0,1.0,14900000.0,1,0,0,0,0,0,0,0,1,1,1,0
1650.0,3.0,3.0,1.0,18000000.0,0,0,0,0,0,0,0,0,1,1,1,0
1650.0,3.0,3.0,1.0,15500000.0,1,0,0,0,0,0,0,0,1,1,1,0
1650.0,3.0,3.0,1.0,35000000.0,1,0,0,0,0,0,0,0,1,1,0,1
1700.0,3.0,2.0,1.0,16500000.0,0,0,0,0,0,0,0,0,1,1,1,0
1700.0,3.0,2.0,1.0,17200000.0,1,0,0,0,0,0,0,0,1,1,1,0
1700.0,3.0,2.0,1.0,17200000.0,1,0,0,0,0,0,0,0,1,1,1,0
1700.0,3.0,2.0,1.0,17200000.0,1,0,0,0,0,0,0,0,1,1,1,0
1700.0,3.0,2.0,2.0,31000000.0,1,0,0,0,0,0,0,0,1,1,1,1
1700.0,3.0,3.0,1.0,8500000.0,1,0,0,0,0,0,0,0,1,1,0,0
1700.0,3.0,3.0,1.0,17200000.0,1,0,0,0,0,0,0,0,1,1,1,0
1700.0,4.0,3.0,1.0,20500000.0,0,1,0,0,0,0,0,0,1,1,1,0
1700.0,4.0,5.0,2.0,52500000.0,0,1,0,0,0,0,0,0,1,1,1,1
1750.0,3.0,2.0,1.0,14900000.0,0,0,0,0,0,0,0,0,1,1,1,0
1750.0,3.0,3.0,1.0,17200000.0,0,0,0,0,0,0,0,0,1,1,1,0
1750.0,4.0,4.0,1.0,29000000.0,0,1,0,0,0,0,0,0,1,1,0,0
1750.0,4.0,4.0,1.0,29000000.0,0,1,0,0,0,0,0,0,1,1,0,0
1800.0,4.0,2.0,1.0,16500000.0,1,0,0,0,0,0,0,0,1,1,1,0
1800.0,3.0,2.0,1.0,15500000.0,1,0,0,0,0,0,0,0,1,1,1,0
1800.0,3.0,2.0,1.0,14800000.0,1,0,0,0,0,0,0,0,1,1,1,0
1800.0,4.0,3.0,1.0,19200000.0,0,0,0,0,0,0,0,0,1,1,1,0
1800.0,4.0,3.0,1.0,16500000.0,1,0,0,0,0,0,0,0,1,1,1,0
1800.0,3.0,3.0,0.0,37500000.0,1,0,0,0,0,0,0,0,1,1,0,1
1800.0,4.0,4.0,2.0,87500000.0,1,0,0,0,0,0,0,0,1,1,0,1
1850.0,3.0,2.0,1.0,15500000.0,1,0,0,0,0,0,0,0,1,1,1,0
1850.0,3.0,4.0,1.0,24000000.0,1,0,0,0,0,0,0,0,1,1,1,0
1900.0,3.0,3.0,1.0,25000000.0,0,0,0,0,0,0,0,0,1,1,1,0
1900.0,4.0,4.0,1.0,30000000.0,1,0,0,0,0,0,0,0,1,1,1,0
2000.0,4.0,2.0,1.0,40000000.0,0,0,0,0,0,0,0,0,1,1,0,0
2000.0,4.0,3.0,1.0,31500000.0,0,0,0,0,0,0,0,0,1,1,1,0
2000.0,3.0,3.0,1.0,31000000.0,0,1,0,0,0,0,0,0,1,1,1,0
2000.0,4.0,4.0,2.0,36500000.0,0,1,0,0,0,0,0,0,1,1,1,0
2035.0,4.0,4.0,2.0,65000000.0,0,1,0,0,0,0,0,0,1,1,0,1
2100.0,4.0,4.0,3.0,55000000.0,1,0,0,0,0,0,0,0,1,1,0,1
2160.0,4.0,3.0,1.0,21000000.0,0,1,0,0,0,0,0,0,1,1,1,0
2200.0,4.0,3.0,2.0,23500000.0,1,0,0,0,0,0,0,0,1,1,1,0
2200.0,4.0,4.0,3.0,52500000.0,1,0,0,0,0,0,0,0,1,1,0,1
2250.0,4.0,4.0,3.0,80000000.0,1,0,0,0,0,0,0,0,1,1,0,1
2250.0,4.0,5.0,2.0,55000000.0,1,0,0,0,0,0,0,0,1,1,0,1
2300.0,4.0,4.0,1.0,31500000.0,0,0,0,0,0,0,0,0,1,1,1,0
2610.0,4.0,4.0,2.0,42500000.0,1,0,0,0,0,0,0,0,1,1,1,1
2700.0,4.0,3.0,1.0,27500000.0,0,0,0,0,0,0,0,0,1,1,1,0
2900.0,5.0,5.0,1.0,51000000.0,0,0,0,0,0,0,0,0,1,0,0,1
2900.0,5.0,5.0,1.0,51000000.0,0,0,0,0,0,0,0,0,1,0,0,1
3250.0,4.0,4.0,1.0,55000000.0,1,0,0,0,0,0,0,0,1,1,1,1
3500.0,4.0,4.0,4.0,22500000.0,1,0,0,0,0,0,0,0,1,1,0,1
4000.0,4.0,4.0,1.0,72500000.0,1,0,0,0,0,0,0,0,1,1,1,1
4150.0,4.0,4.0,3.0,82500000.0,0,1,0,0,0,0,0,0,1,1,0,1
4200.0,4.0,5.0,3.0,74000000.0,1,0,0,0,0,0,0,0,1,1,0,1
,,,,,0,0,0,0,0,0,0,0,0,0,0,0
,,,,,0,0,0,0,0,0,0,0,0,0,0,0
